timestamp,city,temp_c,humidity_pct,pressure_hpa,wind_speed,description
10/05/2026 00:35,London,12.93,60,1018,4.12,overcast clouds
10/05/2026 00:44,London,12.8,60,1018,4.12,overcast clouds
10/05/2026 00:49,London,12.8,60,1018,4.12,overcast clouds
10/05/2026 00:54,London,12.7,61,1018,4.12,overcast clouds
10/05/2026 00:59,London,12.7,61,1018,4.12,overcast clouds
10/05/2026 01:04,London,12.66,62,1018,4.12,overcast clouds
10/05/2026 01:09,London,12.66,62,1018,4.12,overcast clouds
10/05/2026 01:14,London,12.6,64,1017,3.58,overcast clouds
10/05/2026 01:19,London,12.6,64,1017,3.58,overcast clouds
10/05/2026 01:24,London,12.36,65,1017,3.09,overcast clouds
10/05/2026 01:29,London,12.36,65,1017,3.09,overcast clouds
10/05/2026 01:34,London,12.48,64,1018,3.09,overcast clouds
10/05/2026 01:39,London,12.48,64,1018,3.09,overcast clouds
10/05/2026 01:44,London,12.22,64,1018,3.6,overcast clouds
10/05/2026 01:49,London,12.22,64,1018,3.6,overcast clouds
10/05/2026 01:54,London,12.22,64,1018,3.6,overcast clouds
10/05/2026 01:59,London,11.96,65,1018,3.6,overcast clouds
10/05/2026 02:04,London,12.07,65,1018,3.6,overcast clouds
10/05/2026 02:09,London,11.96,65,1018,3.6,overcast clouds
10/05/2026 02:14,London,11.96,65,1018,3.6,overcast clouds
10/05/2026 02:19,London,11.83,66,1017,4.63,overcast clouds
10/05/2026 02:24,London,11.64,67,1017,4.63,overcast clouds
10/05/2026 02:29,London,11.49,67,1017,4.63,overcast clouds
10/05/2026 02:34,London,11.49,67,1017,4.63,overcast clouds
10/05/2026 02:39,London,11.21,68,1018,4.63,overcast clouds
10/05/2026 02:44,London,11.21,68,1018,4.63,overcast clouds
10/05/2026 02:49,London,10.7,73,1018,4.63,overcast clouds
10/05/2026 02:54,London,10.7,73,1018,4.63,overcast clouds
10/05/2026 02:59,London,10.83,72,1018,4.63,overcast clouds
10/05/2026 03:04,London,10.83,72,1018,4.63,overcast clouds
10/05/2026 03:09,London,10.81,73,1018,4.63,overcast clouds
10/05/2026 03:14,London,10.81,73,1018,4.63,overcast clouds
10/05/2026 03:19,London,10.56,74,1017,4.63,overcast clouds
10/05/2026 03:24,London,10.56,74,1017,4.63,overcast clouds
10/05/2026 03:29,London,10.35,76,1017,4.63,overcast clouds
10/05/2026 03:34,London,10.35,76,1017,4.63,overcast clouds
10/05/2026 03:39,London,10,78,1018,3.09,overcast clouds
10/05/2026 03:44,London,10,78,1018,3.09,overcast clouds
10/05/2026 03:49,London,10,78,1018,3.09,overcast clouds
10/05/2026 03:54,London,10,79,1018,3.09,overcast clouds
10/05/2026 03:59,London,9.95,79,1018,3.09,overcast clouds
10/05/2026 04:04,London,9.95,79,1018,3.09,overcast clouds
10/05/2026 04:09,London,9.9,79,1017,3.6,overcast clouds
10/05/2026 04:14,London,9.9,79,1017,3.6,overcast clouds
10/05/2026 04:19,London,9.86,80,1017,4.02,overcast clouds
10/05/2026 04:24,London,9.84,80,1017,3.6,overcast clouds
10/05/2026 04:29,London,9.71,81,1017,4.02,overcast clouds
10/05/2026 04:34,London,9.71,81,1017,4.02,overcast clouds
10/05/2026 04:39,London,9.49,84,1017,4.12,few clouds
10/05/2026 04:44,London,9.49,84,1017,4.12,few clouds
10/05/2026 04:49,London,9.49,85,1017,4.12,few clouds
10/05/2026 04:54,London,9.49,85,1017,4.12,few clouds
10/05/2026 04:59,London,9.49,85,1017,4.12,few clouds
10/05/2026 05:04,London,9.56,83,1017,4.12,few clouds
10/05/2026 05:09,London,9.56,83,1017,4.12,few clouds
10/05/2026 05:14,London,9.52,83,1017,3.6,scattered clouds
10/05/2026 05:19,London,9.52,83,1017,3.6,scattered clouds
10/05/2026 05:24,London,9.42,85,1017,3.6,scattered clouds
10/05/2026 05:29,London,9.42,85,1017,3.6,scattered clouds
10/05/2026 05:34,London,9.35,85,1017,3.6,scattered clouds
10/05/2026 05:39,London,9.35,85,1017,3.6,scattered clouds
10/05/2026 05:44,London,9.38,85,1017,4.12,scattered clouds
10/05/2026 05:49,London,9.38,85,1017,4.12,scattered clouds
10/05/2026 05:54,London,9.5,83,1017,4.12,scattered clouds
10/05/2026 05:59,London,9.5,83,1017,4.12,scattered clouds
10/05/2026 06:04,London,9.5,83,1017,4.12,scattered clouds
10/05/2026 06:09,London,9.48,83,1017,5.66,few clouds
10/05/2026 06:14,London,9.48,83,1017,5.66,few clouds
10/05/2026 06:19,London,9.48,83,1017,5.66,few clouds
10/05/2026 06:24,London,9.48,83,1017,5.66,few clouds
10/05/2026 06:29,London,9.48,83,1017,5.66,few clouds
10/05/2026 06:34,London,9.48,83,1017,5.66,few clouds
10/05/2026 06:39,London,9.48,83,1017,5.66,few clouds
10/05/2026 06:44,London,9.49,82,1017,4.12,overcast clouds
10/05/2026 06:49,London,9.49,82,1017,4.12,overcast clouds
10/05/2026 06:54,London,9.38,84,1017,4.12,overcast clouds
10/05/2026 06:59,London,9.45,84,1017,4.12,overcast clouds
10/05/2026 07:04,London,9.45,84,1017,4.12,overcast clouds
10/05/2026 07:09,London,9.57,84,1017,4.63,overcast clouds
10/05/2026 07:14,London,9.57,84,1017,4.63,overcast clouds
10/05/2026 07:19,London,9.57,84,1017,4.63,overcast clouds
10/05/2026 07:24,London,9.61,84,1017,4.63,overcast clouds
10/05/2026 07:29,London,9.61,84,1017,4.63,overcast clouds
10/05/2026 07:34,London,9.96,81,1017,4.63,overcast clouds
10/05/2026 07:39,London,9.96,81,1017,4.63,overcast clouds
10/05/2026 07:44,London,9.93,81,1017,5.14,overcast clouds
10/05/2026 07:49,London,9.93,81,1017,5.14,overcast clouds
10/05/2026 07:54,London,9.93,81,1017,5.14,overcast clouds
10/05/2026 07:59,London,9.93,81,1017,5.14,overcast clouds
10/05/2026 08:04,London,9.93,81,1017,5.14,overcast clouds
10/05/2026 08:09,London,9.93,81,1017,5.14,overcast clouds
10/05/2026 08:14,London,10.02,81,1017,5.14,overcast clouds
10/05/2026 08:19,London,10.02,81,1017,5.14,overcast clouds
10/05/2026 08:24,London,10.02,81,1017,5.14,overcast clouds
10/05/2026 08:29,London,10,80,1017,5.14,overcast clouds
10/05/2026 08:34,London,10,80,1017,5.14,overcast clouds
10/05/2026 08:39,London,10,80,1017,5.14,overcast clouds
10/05/2026 08:44,London,10.16,79,1017,5.66,broken clouds
10/05/2026 08:49,London,10.16,79,1017,5.66,broken clouds
10/05/2026 08:54,London,10.23,79,1017,5.66,broken clouds
10/05/2026 08:59,London,10.23,79,1017,5.66,broken clouds
10/05/2026 09:04,London,10.36,79,1017,5.66,broken clouds
10/05/2026 09:09,London,10.36,79,1017,5.66,broken clouds
10/05/2026 09:14,London,10.32,78,1017,5.66,scattered clouds
10/05/2026 09:19,London,10.32,78,1017,5.66,scattered clouds
10/05/2026 09:24,London,10.48,78,1017,5.66,scattered clouds
10/05/2026 09:29,London,10.59,78,1017,5.66,scattered clouds
10/05/2026 09:34,London,10.59,78,1017,5.66,scattered clouds
10/05/2026 09:39,London,10.59,78,1017,5.66,scattered clouds
10/05/2026 09:44,London,10.95,76,1017,6.17,scattered clouds
10/05/2026 09:49,London,10.95,76,1017,6.17,scattered clouds
10/05/2026 09:54,London,11.04,76,1017,6.17,scattered clouds
10/05/2026 09:59,London,11.04,76,1017,6.17,scattered clouds
10/05/2026 10:04,London,11.05,75,1017,6.17,scattered clouds
10/05/2026 10:09,London,11.05,75,1017,6.17,scattered clouds
10/05/2026 10:14,London,11.27,74,1017,7.72,broken clouds
10/05/2026 10:19,London,11.27,74,1017,7.72,broken clouds
10/05/2026 10:24,London,11.4,74,1017,7.72,broken clouds
10/05/2026 10:29,London,11.4,74,1017,7.72,broken clouds
10/05/2026 10:34,London,11.47,73,1017,7.72,broken clouds
10/05/2026 10:39,London,11.44,74,1017,7.72,broken clouds
10/05/2026 10:44,London,11.44,74,1017,7.72,broken clouds
10/05/2026 10:49,London,11.83,73,1017,6.17,broken clouds
10/05/2026 10:54,London,11.83,73,1017,6.17,broken clouds
10/05/2026 10:59,London,11.99,70,1017,6.17,broken clouds
10/05/2026 11:04,London,11.99,70,1017,6.17,broken clouds
10/05/2026 11:09,London,11.92,72,1017,6.17,broken clouds
10/05/2026 11:14,London,11.92,72,1017,6.17,broken clouds
10/05/2026 11:19,London,12.01,70,1017,4.92,broken clouds
10/05/2026 11:24,London,12.01,70,1017,4.63,broken clouds
10/05/2026 11:29,London,12.47,68,1017,4.63,broken clouds
10/05/2026 11:34,London,12.47,68,1017,4.63,broken clouds
10/05/2026 11:39,London,12.64,67,1017,6.17,broken clouds
10/05/2026 11:44,London,12.64,67,1017,6.17,broken clouds
10/05/2026 11:49,London,12.59,67,1017,6.17,broken clouds
10/05/2026 11:54,London,12.67,67,1017,6.17,broken clouds
10/05/2026 11:59,London,12.64,67,1017,6.17,broken clouds
10/05/2026 12:04,London,12.67,66,1017,6.17,broken clouds
10/05/2026 12:09,London,12.67,66,1017,6.17,broken clouds
10/05/2026 12:14,London,12.75,67,1017,7.2,broken clouds
10/05/2026 12:19,London,12.75,67,1017,7.2,broken clouds
10/05/2026 12:24,London,12.66,68,1017,7.2,broken clouds
10/05/2026 12:29,London,12.66,68,1017,7.2,broken clouds
10/05/2026 12:34,London,12.64,67,1017,7.2,broken clouds
10/05/2026 12:39,London,12.87,65,1016,7.2,broken clouds
10/05/2026 12:44,London,12.85,65,1016,7.2,broken clouds
10/05/2026 12:49,London,12.85,65,1016,7.2,broken clouds
10/05/2026 12:54,London,12.83,65,1016,7.2,broken clouds
10/05/2026 12:59,London,12.83,65,1016,7.2,broken clouds
10/05/2026 13:04,London,12.88,66,1016,7.2,broken clouds
10/05/2026 13:09,London,12.88,66,1016,7.2,broken clouds
10/05/2026 13:14,London,12.8,65,1017,5.66,broken clouds
10/05/2026 13:19,London,12.8,65,1017,5.66,broken clouds
10/05/2026 13:24,London,12.92,65,1017,5.66,broken clouds
10/05/2026 13:29,London,12.92,65,1017,5.66,broken clouds
10/05/2026 13:34,London,12.73,66,1017,5.66,light rain
10/05/2026 13:39,London,12.73,66,1017,5.66,light rain
10/05/2026 13:44,London,12.73,67,1016,5.66,overcast clouds
10/05/2026 13:49,London,12.73,67,1016,5.66,overcast clouds
10/05/2026 13:54,London,12.62,67,1016,5.66,overcast clouds
10/05/2026 13:59,London,12.62,67,1016,5.66,overcast clouds
10/05/2026 14:04,London,12.79,65,1016,6.17,overcast clouds
10/05/2026 14:09,London,12.79,65,1016,6.17,overcast clouds
10/05/2026 14:14,London,12.78,64,1016,6.17,overcast clouds
10/05/2026 14:19,London,12.78,64,1016,6.17,overcast clouds
10/05/2026 14:24,London,12.78,64,1016,6.17,overcast clouds
10/05/2026 14:29,London,12.5,66,1016,6.17,overcast clouds
10/05/2026 14:34,London,12.51,66,1016,6.17,overcast clouds
10/05/2026 14:39,London,12.51,66,1016,6.17,overcast clouds
10/05/2026 14:44,London,12.51,66,1016,6.17,overcast clouds
10/05/2026 14:49,London,12.39,66,1016,6.17,overcast clouds
10/05/2026 14:54,London,12.52,67,1016,6.17,overcast clouds
10/05/2026 14:59,London,12.52,67,1016,6.17,overcast clouds
10/05/2026 15:04,London,12.56,66,1016,6.17,overcast clouds
10/05/2026 15:09,London,12.69,66,1016,6.17,overcast clouds
10/05/2026 15:14,London,12.51,66,1016,5.66,overcast clouds
10/05/2026 15:19,London,12.51,66,1016,5.66,overcast clouds
10/05/2026 15:24,London,12.57,66,1016,5.66,overcast clouds
10/05/2026 15:29,London,12.46,66,1016,5.66,overcast clouds
10/05/2026 15:34,London,12.46,66,1016,5.66,overcast clouds
10/05/2026 15:39,London,12.51,66,1016,5.66,overcast clouds
10/05/2026 15:44,London,12.51,66,1016,5.66,overcast clouds
10/05/2026 15:49,London,12.53,65,1016,5.66,overcast clouds
10/05/2026 15:54,London,12.53,65,1016,5.66,overcast clouds
10/05/2026 15:59,London,12.47,65,1016,5.66,overcast clouds
10/05/2026 16:04,London,12.39,65,1016,5.66,overcast clouds
10/05/2026 16:09,London,12.39,65,1016,5.66,overcast clouds
10/05/2026 16:14,London,12.39,63,1015,5.66,overcast clouds
10/05/2026 16:19,London,12.39,63,1015,5.66,overcast clouds
10/05/2026 16:24,London,12.39,63,1015,5.66,overcast clouds
10/05/2026 16:29,London,12.4,63,1016,5.66,overcast clouds
10/05/2026 16:34,London,12.4,63,1016,5.66,overcast clouds
10/05/2026 16:39,London,12.57,63,1015,5.66,overcast clouds
10/05/2026 16:44,London,12.57,63,1015,5.66,overcast clouds
10/05/2026 16:49,London,12.3,65,1015,5.66,overcast clouds
10/05/2026 16:54,London,12.32,65,1015,5.66,overcast clouds
10/05/2026 16:59,London,12.38,65,1015,5.66,overcast clouds
10/05/2026 17:04,London,12.38,65,1015,5.66,overcast clouds
10/05/2026 17:09,London,12.29,65,1015,5.14,overcast clouds
10/05/2026 17:14,London,12.29,65,1015,5.14,overcast clouds
10/05/2026 17:19,London,12.28,64,1015,5.14,overcast clouds
10/05/2026 17:24,London,12.28,64,1015,5.14,overcast clouds
10/05/2026 17:29,London,12.44,64,1015,5.14,overcast clouds
10/05/2026 17:34,London,12.44,64,1015,5.14,overcast clouds
10/05/2026 17:39,London,12.32,63,1015,5.66,overcast clouds
10/05/2026 17:45,London,12.32,63,1015,5.66,overcast clouds
10/05/2026 17:50,London,12.45,62,1015,5.66,overcast clouds
10/05/2026 17:55,London,12.45,62,1015,5.66,overcast clouds
10/05/2026 18:00,London,12.6,60,1015,5.66,overcast clouds
10/05/2026 18:05,London,12.6,60,1015,5.66,overcast clouds
10/05/2026 18:10,London,12.6,60,1015,5.66,overcast clouds
10/05/2026 18:15,London,12.64,59,1014,5.14,overcast clouds
10/05/2026 18:20,London,12.64,59,1014,5.14,overcast clouds
10/05/2026 18:25,London,12.53,60,1014,5.14,overcast clouds
10/05/2026 18:30,London,12.57,60,1014,5.14,overcast clouds
10/05/2026 18:35,London,12.57,60,1014,5.14,overcast clouds
10/05/2026 18:40,London,12.54,59,1014,5.14,broken clouds
10/05/2026 18:45,London,12.54,59,1014,5.14,broken clouds
10/05/2026 18:50,London,12.53,60,1014,5.14,broken clouds
10/05/2026 18:55,London,12.53,60,1014,5.14,broken clouds
10/05/2026 18:55,London,12.53,60,1014,5.14,broken clouds
10/05/2026 18:55,Hamburg,16.37,57,1010,4.63,clear sky
10/05/2026 19:00,London,12.67,58,1014,5.14,broken clouds
10/05/2026 19:00,Hamburg,16.37,57,1010,4.63,clear sky
10/05/2026 20:49,London,12.01,57,1014,4.63,broken clouds
10/05/2026 20:49,Hamburg,15.39,58,1010,3.09,clear sky
10/05/2026 20:54,London,11.67,58,1014,4.63,overcast clouds
10/05/2026 20:54,Hamburg,15.39,58,1010,3.09,clear sky
10/05/2026 20:59,London,11.68,57,1014,4.63,overcast clouds
10/05/2026 20:59,Hamburg,15.39,58,1010,3.09,clear sky
10/05/2026 21:04,London,11.68,57,1014,4.63,overcast clouds
10/05/2026 21:04,Hamburg,15.39,58,1010,3.09,clear sky
10/05/2026 21:09,London,11.52,57,1014,4.63,overcast clouds
10/05/2026 21:09,Hamburg,15.1,60,1010,3.6,clear sky
10/05/2026 21:10,London,11.52,57,1014,4.63,overcast clouds
10/05/2026 21:10,Hamburg,15.1,60,1010,3.6,clear sky
10/05/2026 21:17,London,11.37,57,1014,4.63,overcast clouds
10/05/2026 21:17,Hamburg,14.9,61,1010,3.6,clear sky
10/05/2026 21:22,London,11.37,57,1014,4.63,overcast clouds
10/05/2026 21:22,Hamburg,14.9,61,1010,3.6,clear sky
10/05/2026 21:27,London,11.37,58,1014,4.63,overcast clouds
10/05/2026 21:27,Hamburg,14.9,61,1009,3.6,clear sky
10/05/2026 21:32,London,11.12,57,1013,4.63,overcast clouds
10/05/2026 21:32,Hamburg,14.9,61,1009,3.6,clear sky
10/05/2026 21:37,London,11.12,57,1013,4.63,overcast clouds
10/05/2026 21:37,Hamburg,14.9,61,1009,3.6,clear sky
10/05/2026 21:42,London,11.08,58,1014,4.63,overcast clouds
10/05/2026 21:42,Hamburg,13.35,67,1009,4.63,clear sky
10/05/2026 21:47,London,10.81,58,1014,5.66,overcast clouds
10/05/2026 21:47,Hamburg,13.29,68,1009,4.63,clear sky
10/05/2026 21:52,London,10.81,58,1014,5.66,overcast clouds
10/05/2026 21:52,Hamburg,13.29,68,1009,4.63,clear sky
10/05/2026 21:57,London,10.73,58,1014,5.66,overcast clouds
10/05/2026 21:57,Hamburg,13.23,68,1009,4.63,clear sky
10/05/2026 22:02,London,10.7,58,1014,5.66,overcast clouds
10/05/2026 22:02,Hamburg,13.23,68,1009,4.63,clear sky
10/05/2026 22:07,London,10.7,58,1014,5.66,overcast clouds
10/05/2026 22:07,Hamburg,13.23,68,1009,4.63,clear sky
10/05/2026 22:12,London,10.36,60,1013,4.63,overcast clouds
10/05/2026 22:12,Hamburg,12.83,67,1009,5.14,clear sky
10/05/2026 22:17,London,10.36,60,1013,4.63,overcast clouds
10/05/2026 22:17,Hamburg,12.83,67,1009,5.14,clear sky
10/05/2026 22:22,London,10.18,59,1013,4.63,overcast clouds
10/05/2026 22:22,Hamburg,12.84,66,1009,5.14,clear sky
10/05/2026 22:27,London,10.18,59,1013,4.63,overcast clouds
10/05/2026 22:27,Hamburg,12.84,66,1009,5.14,clear sky
10/05/2026 22:32,London,10,60,1013,4.63,overcast clouds
10/05/2026 22:32,Hamburg,12.84,66,1009,5.14,clear sky
10/05/2026 22:37,London,9.93,59,1014,4.63,overcast clouds
10/05/2026 22:37,Hamburg,12.84,66,1009,5.14,clear sky
10/05/2026 22:42,London,9.93,59,1014,4.63,overcast clouds
10/05/2026 22:42,Hamburg,12.48,67,1009,4.63,clear sky
10/05/2026 22:47,London,9.66,60,1014,4.63,few clouds
10/05/2026 22:47,Hamburg,12.48,67,1009,4.63,clear sky
10/05/2026 22:52,London,9.66,60,1014,4.63,few clouds
10/05/2026 22:52,Hamburg,12.54,66,1009,4.63,clear sky
10/05/2026 22:57,London,9.38,60,1014,4.63,few clouds
10/05/2026 22:57,Hamburg,12.54,66,1009,4.63,clear sky
10/05/2026 23:02,London,9.38,60,1014,4.63,few clouds
10/05/2026 23:02,Hamburg,12.54,66,1009,4.63,clear sky
10/05/2026 23:07,London,9.19,60,1014,4.63,overcast clouds
10/05/2026 23:07,Hamburg,12.54,66,1009,4.63,clear sky
10/05/2026 23:12,London,9.28,60,1014,4.63,overcast clouds
10/05/2026 23:12,Hamburg,12.09,69,1009,3.6,clear sky
10/05/2026 23:17,London,9.28,60,1014,4.63,overcast clouds
10/05/2026 23:17,Hamburg,12.09,69,1009,3.6,clear sky
10/05/2026 23:22,London,9.05,61,1014,4.63,overcast clouds
10/05/2026 23:22,Hamburg,11.74,69,1009,3.6,clear sky
10/05/2026 23:27,London,8.81,63,1014,4.63,overcast clouds
10/05/2026 23:27,Hamburg,11.74,69,1009,3.6,clear sky
10/05/2026 23:32,London,8.81,63,1014,4.63,overcast clouds
10/05/2026 23:32,Hamburg,11.7,69,1009,3.6,clear sky
10/05/2026 23:37,London,8.42,63,1014,3.6,overcast clouds
10/05/2026 23:37,Hamburg,11.7,69,1009,3.6,clear sky
10/05/2026 23:42,London,8.42,63,1014,3.6,overcast clouds
10/05/2026 23:42,Hamburg,11.8,67,1009,4.12,clear sky
10/05/2026 23:47,London,8.37,63,1014,3.6,overcast clouds
10/05/2026 23:47,Hamburg,11.8,67,1009,4.12,clear sky
10/05/2026 23:52,London,8.37,63,1014,3.6,overcast clouds
10/05/2026 23:52,Hamburg,11.71,69,1009,4.12,clear sky
10/05/2026 23:57,London,8.26,62,1014,3.6,overcast clouds
10/05/2026 23:57,Hamburg,11.71,69,1009,4.12,clear sky
11/05/2026 00:02,London,8.15,62,1014,3.6,overcast clouds
11/05/2026 00:02,Hamburg,11.71,69,1009,4.12,clear sky
11/05/2026 00:07,London,8.15,62,1014,3.6,overcast clouds
11/05/2026 00:07,Hamburg,11.05,69,1009,4.12,clear sky
11/05/2026 00:12,London,8.08,62,1014,3.6,overcast clouds
11/05/2026 00:12,Hamburg,11.67,69,1009,4.12,clear sky
11/05/2026 00:17,London,8.12,62,1013,4.12,overcast clouds
11/05/2026 00:17,Hamburg,10.7,69,1009,4.12,clear sky
11/05/2026 00:22,London,8.12,62,1013,4.12,overcast clouds
11/05/2026 00:22,Hamburg,10.7,69,1009,4.12,clear sky
11/05/2026 00:27,London,7.48,65,1013,4.12,overcast clouds
11/05/2026 00:27,Hamburg,10.66,69,1008,4.12,clear sky
11/05/2026 00:32,London,7.48,65,1013,4.12,overcast clouds
11/05/2026 00:32,Hamburg,10.66,69,1008,4.12,clear sky
11/05/2026 00:37,London,7.38,65,1013,3.6,overcast clouds
11/05/2026 00:37,Hamburg,10.66,69,1008,4.12,clear sky
11/05/2026 00:42,London,7.38,65,1013,3.6,overcast clouds
11/05/2026 00:42,Hamburg,10.66,69,1008,4.12,clear sky
11/05/2026 00:47,London,6.97,66,1013,3.6,overcast clouds
11/05/2026 00:47,Hamburg,10.66,69,1008,4.12,clear sky
11/05/2026 00:52,London,6.97,66,1013,3.6,overcast clouds
11/05/2026 00:52,Hamburg,10.67,69,1008,4.12,clear sky
11/05/2026 00:57,London,6.96,67,1013,3.6,overcast clouds
11/05/2026 00:57,Hamburg,10.67,69,1008,4.12,clear sky
11/05/2026 01:02,London,6.94,67,1013,3.6,overcast clouds
11/05/2026 01:02,Hamburg,10.67,69,1008,4.12,clear sky
11/05/2026 01:07,London,6.67,67,1013,2.06,overcast clouds
11/05/2026 01:07,Hamburg,10.38,67,1008,4.12,clear sky
11/05/2026 01:12,London,6.8,67,1013,3.6,overcast clouds
11/05/2026 01:12,Hamburg,10.38,67,1008,4.12,clear sky
11/05/2026 01:17,London,6.58,68,1013,2.06,overcast clouds
11/05/2026 01:17,Hamburg,10.38,67,1008,4.12,clear sky
11/05/2026 01:22,London,6.58,68,1013,2.06,overcast clouds
11/05/2026 01:22,Hamburg,10.39,67,1008,4.12,clear sky
11/05/2026 01:27,London,6.39,68,1013,2.06,overcast clouds
11/05/2026 01:27,Hamburg,10.39,67,1008,4.12,clear sky
11/05/2026 01:32,London,6.09,69,1013,2.06,overcast clouds
11/05/2026 01:32,Hamburg,10.35,67,1008,4.12,clear sky
11/05/2026 01:37,London,5.99,69,1013,2.06,overcast clouds
11/05/2026 01:37,Hamburg,10.35,67,1008,4.12,clear sky
11/05/2026 01:42,London,5.88,70,1013,2.06,overcast clouds
11/05/2026 01:42,Hamburg,10.35,67,1008,4.12,clear sky
11/05/2026 01:47,London,5.57,70,1013,2.06,overcast clouds
11/05/2026 01:47,Hamburg,10.01,67,1008,3.6,clear sky
11/05/2026 01:52,London,5.57,70,1013,2.06,overcast clouds
11/05/2026 01:52,Hamburg,10.01,67,1008,3.6,clear sky
11/05/2026 01:57,London,5.57,70,1013,2.06,overcast clouds
11/05/2026 01:57,Hamburg,10.01,68,1008,3.6,clear sky
11/05/2026 02:02,London,5.4,71,1013,2.06,overcast clouds
11/05/2026 02:02,Hamburg,10.01,68,1008,3.6,clear sky
11/05/2026 02:07,London,5.21,71,1012,1.54,overcast clouds
11/05/2026 02:07,Hamburg,10.01,68,1008,3.6,clear sky
11/05/2026 02:12,London,5.36,71,1013,2.06,overcast clouds
11/05/2026 02:12,Hamburg,9.73,69,1007,3.6,clear sky
11/05/2026 02:17,London,5.06,71,1012,1.54,overcast clouds
11/05/2026 02:17,Hamburg,9.52,69,1007,3.6,clear sky
11/05/2026 02:22,London,5.06,71,1012,1.54,overcast clouds
11/05/2026 02:22,Hamburg,9.52,69,1007,3.6,clear sky
11/05/2026 02:27,London,4.7,73,1012,1.93,overcast clouds
11/05/2026 02:27,Hamburg,9.52,69,1007,3.6,clear sky
11/05/2026 02:32,London,4.7,73,1012,1.93,overcast clouds
11/05/2026 02:32,Hamburg,9.52,69,1007,3.6,clear sky
11/05/2026 02:37,London,4.62,74,1012,0.45,clear sky
11/05/2026 02:37,Hamburg,9.17,70,1007,4.12,clear sky
11/05/2026 02:42,London,4.57,74,1012,1.54,clear sky
11/05/2026 02:42,Hamburg,9.17,70,1007,4.12,clear sky
11/05/2026 02:47,London,4.37,74,1012,1.54,clear sky
11/05/2026 02:47,Hamburg,9.17,70,1007,4.12,clear sky
11/05/2026 02:52,London,4.37,74,1012,1.54,clear sky
11/05/2026 02:52,Hamburg,9.24,69,1007,4.12,clear sky
11/05/2026 02:57,London,4.3,75,1012,1.54,clear sky
11/05/2026 02:57,Hamburg,9.24,69,1007,4.12,clear sky
11/05/2026 03:02,London,4.24,75,1012,1.54,clear sky
11/05/2026 03:02,Hamburg,9.24,69,1007,4.12,clear sky
11/05/2026 03:07,London,4.08,75,1012,1.03,clear sky
11/05/2026 03:07,Hamburg,9.18,70,1007,4.12,clear sky
11/05/2026 03:12,London,4.17,75,1012,1.54,clear sky
11/05/2026 03:12,Hamburg,9.18,70,1006,4.12,clear sky
11/05/2026 03:17,London,3.92,75,1011,1.03,clear sky
11/05/2026 03:17,Hamburg,9.18,67,1006,3.13,clear sky
11/05/2026 03:22,London,3.92,75,1011,1.03,clear sky
11/05/2026 03:22,Hamburg,9.18,67,1006,3.13,clear sky
11/05/2026 03:27,London,3.78,76,1011,1.03,clear sky
11/05/2026 03:27,Hamburg,8.77,66,1006,3.09,clear sky
11/05/2026 03:32,London,3.78,76,1011,1.03,clear sky
11/05/2026 03:32,Hamburg,8.77,66,1006,3.09,clear sky
11/05/2026 03:37,London,3.6,78,1012,1.93,clear sky
11/05/2026 03:37,Hamburg,8.78,66,1006,3.09,clear sky
11/05/2026 03:42,London,3.3,78,1012,1.93,clear sky
11/05/2026 03:42,Hamburg,8.78,66,1006,3.09,clear sky
11/05/2026 03:47,London,3.3,78,1012,1.93,clear sky
11/05/2026 03:47,Hamburg,8.78,66,1006,3.09,clear sky
11/05/2026 03:52,London,3.23,79,1012,0.45,clear sky
11/05/2026 03:52,Hamburg,8.78,66,1006,3.09,clear sky
11/05/2026 03:57,London,3.23,79,1012,1.93,clear sky
11/05/2026 03:57,Hamburg,8.78,66,1005,3.09,clear sky
11/05/2026 04:02,London,3.19,79,1012,0.45,clear sky
11/05/2026 04:02,Hamburg,8.78,66,1005,3.09,clear sky
11/05/2026 04:07,London,3.19,79,1012,0.45,clear sky
11/05/2026 04:07,Hamburg,8.78,66,1005,3.09,clear sky
11/05/2026 04:12,London,3.3,79,1011,1.93,clear sky
11/05/2026 04:12,Hamburg,8.78,66,1005,3.09,clear sky
11/05/2026 04:17,London,3.3,79,1011,1.93,clear sky
11/05/2026 04:17,Hamburg,7.88,70,1005,3.6,clear sky
11/05/2026 04:22,London,3.3,80,1011,1.93,clear sky
11/05/2026 04:22,Hamburg,7.88,70,1005,3.6,clear sky
11/05/2026 04:27,London,3.3,80,1011,1.93,clear sky
11/05/2026 04:27,Hamburg,7.82,70,1005,3.6,clear sky
11/05/2026 04:32,London,3.38,79,1011,1.93,clear sky
11/05/2026 04:32,Hamburg,7.82,70,1005,3.6,clear sky
11/05/2026 04:37,London,3.38,79,1011,1.93,clear sky
11/05/2026 04:37,Hamburg,7.82,70,1005,4.12,clear sky
11/05/2026 04:42,London,2.97,81,1011,1.54,clear sky
11/05/2026 04:42,Hamburg,7.82,70,1005,3.6,clear sky
11/05/2026 04:47,London,2.97,81,1011,1.54,clear sky
11/05/2026 04:47,Hamburg,7.82,70,1005,4.12,clear sky
11/05/2026 04:52,London,3.29,79,1011,1.54,clear sky
11/05/2026 04:52,Hamburg,7.82,70,1005,4.12,clear sky
11/05/2026 04:57,London,3.29,79,1011,1.54,clear sky
11/05/2026 04:57,Hamburg,7.82,70,1005,4.12,light rain
11/05/2026 05:02,London,3.29,80,1011,1.54,clear sky
11/05/2026 05:02,Hamburg,7.82,70,1005,4.12,light rain
11/05/2026 05:07,London,3.29,80,1011,1.54,clear sky
11/05/2026 05:07,Hamburg,7.82,70,1005,4.12,light rain
11/05/2026 05:12,London,3,80,1010,1.75,clear sky
11/05/2026 05:12,Hamburg,7.82,70,1004,3.09,clear sky
11/05/2026 05:17,London,3,80,1010,1.75,clear sky
11/05/2026 05:17,Hamburg,7.82,70,1004,3.09,clear sky
11/05/2026 05:22,London,2.99,81,1010,0.45,clear sky
11/05/2026 05:22,Hamburg,7.82,70,1004,3.09,clear sky
11/05/2026 05:27,London,2.99,81,1010,0.45,clear sky
11/05/2026 05:27,Hamburg,7.82,70,1004,3.09,clear sky
11/05/2026 05:32,London,3.04,80,1011,0.89,clear sky
11/05/2026 05:32,Hamburg,7.82,70,1004,3.09,clear sky
11/05/2026 05:37,London,3.09,80,1011,0.89,clear sky
11/05/2026 05:37,Hamburg,7.82,70,1004,3.09,clear sky
11/05/2026 05:42,London,3.19,80,1011,0.89,clear sky
11/05/2026 05:42,Hamburg,6.92,74,1004,3.6,clear sky
11/05/2026 05:47,London,3.19,80,1011,0.89,clear sky
11/05/2026 05:47,Hamburg,6.92,74,1004,3.6,clear sky
11/05/2026 05:52,London,3.44,79,1011,0.89,clear sky
11/05/2026 05:52,Hamburg,6.87,74,1004,3.6,light rain
11/05/2026 05:57,London,3.44,79,1011,0.89,clear sky
11/05/2026 05:57,Hamburg,6.87,74,1004,3.6,light rain
11/05/2026 06:02,London,3.57,79,1011,1.54,clear sky
11/05/2026 06:02,Hamburg,6.92,74,1004,3.6,light rain
11/05/2026 06:08,London,3.57,79,1011,1.54,clear sky
11/05/2026 06:08,Hamburg,6.92,74,1004,3.6,light rain
11/05/2026 06:13,London,3.54,79,1010,1.54,clear sky
11/05/2026 06:13,Hamburg,6.78,76,1004,3.09,light rain
11/05/2026 06:18,London,3.54,79,1010,1.54,clear sky
11/05/2026 06:18,Hamburg,6.78,76,1004,3.09,light rain
11/05/2026 06:23,London,3.22,81,1010,0.89,clear sky
11/05/2026 06:23,Hamburg,6.78,76,1003,3.09,light rain
11/05/2026 06:28,London,3.22,81,1010,0.89,clear sky
11/05/2026 06:28,Hamburg,6.78,76,1003,3.09,light rain
11/05/2026 06:33,London,3.33,81,1010,0.89,clear sky
11/05/2026 06:33,Hamburg,6.78,76,1003,3.09,light rain
11/05/2026 06:38,London,3.33,81,1010,0.89,clear sky
11/05/2026 06:38,Hamburg,6.78,76,1003,3.09,light rain
11/05/2026 06:43,London,3.33,81,1010,0.89,clear sky
11/05/2026 06:43,Hamburg,6.78,76,1003,3.09,light rain
11/05/2026 06:48,London,3.42,80,1010,1.34,clear sky
11/05/2026 06:48,Hamburg,7.12,76,1003,3.09,moderate rain
11/05/2026 06:53,London,3.42,80,1010,1.34,clear sky
11/05/2026 06:53,Hamburg,7.12,76,1003,3.09,moderate rain
11/05/2026 08:30,London,6.52,74,1010,3.6,clear sky
11/05/2026 08:30,Hamburg,7.9,74,1002,3.6,light intensity shower rain
11/05/2026 08:35,London,7.06,73,1010,3.6,clear sky
11/05/2026 08:35,Hamburg,7.9,74,1002,3.6,light intensity shower rain
11/05/2026 08:37,London,7.06,73,1010,3.6,clear sky
11/05/2026 08:37,Hamburg,7.9,74,1002,3.6,light intensity shower rain
11/05/2026 08:42,London,7.06,73,1010,3.6,clear sky
11/05/2026 08:42,Hamburg,7.37,82,1002,3.09,moderate rain
11/05/2026 08:46,London,7.9,73,1010,3.6,clear sky
11/05/2026 08:46,Hamburg,7.37,82,1002,3.09,moderate rain
11/05/2026 09:03,London,7.98,74,1010,3.6,clear sky
11/05/2026 09:03,Hamburg,7.37,82,1002,3.09,moderate rain
11/05/2026 09:09,London,7.98,74,1010,3.6,clear sky
11/05/2026 09:09,Hamburg,7.37,82,1002,3.09,moderate rain
11/05/2026 09:14,London,8.43,74,1010,4.63,few clouds
11/05/2026 09:14,Hamburg,7.9,82,1001,3.09,moderate rain
11/05/2026 09:19,London,8.56,74,1010,4.63,few clouds
11/05/2026 09:19,Hamburg,7.9,82,1001,3.09,moderate rain
11/05/2026 09:24,London,8.56,74,1010,4.63,few clouds
11/05/2026 09:24,Hamburg,7.9,82,1001,3.09,moderate rain
11/05/2026 09:29,London,8.88,74,1010,4.63,few clouds
11/05/2026 09:29,Hamburg,7.9,82,1001,3.09,moderate rain
11/05/2026 09:34,London,8.88,74,1010,4.63,few clouds
11/05/2026 09:34,Hamburg,7.9,82,1001,3.09,moderate rain
11/05/2026 09:39,London,9.21,73,1010,4.12,broken clouds
11/05/2026 09:39,Hamburg,7.37,85,1001,2.57,moderate rain
11/05/2026 09:44,London,9.21,73,1010,4.12,broken clouds
11/05/2026 09:44,Hamburg,7.37,85,1001,2.57,moderate rain
11/05/2026 09:49,London,9.25,73,1010,4.12,broken clouds
11/05/2026 09:49,Hamburg,7.46,84,1001,2.57,moderate rain
11/05/2026 09:50,London,9.25,73,1010,4.12,broken clouds
11/05/2026 09:50,Hamburg,7.46,84,1001,2.57,moderate rain
11/05/2026 09:55,London,9.31,73,1010,4.12,broken clouds
11/05/2026 09:55,Hamburg,7.46,84,1001,2.57,moderate rain
11/05/2026 10:00,London,9.31,73,1010,4.12,broken clouds
11/05/2026 10:00,Hamburg,7.46,84,1001,2.57,moderate rain
11/05/2026 10:05,London,9.57,73,1010,4.63,overcast clouds
11/05/2026 10:05,Hamburg,7.46,84,1001,2.57,moderate rain
11/05/2026 10:10,London,9.57,73,1010,4.63,overcast clouds
11/05/2026 10:10,Hamburg,7.46,87,1001,3.6,heavy intensity rain
11/05/2026 10:15,London,9.63,73,1010,4.63,overcast clouds
11/05/2026 10:15,Hamburg,7.46,87,1001,3.6,heavy intensity rain
11/05/2026 10:20,London,9.63,73,1010,4.63,overcast clouds
11/05/2026 10:20,Hamburg,7.37,88,1001,3.6,heavy intensity rain
11/05/2026 10:25,London,9.63,73,1010,4.63,overcast clouds
11/05/2026 10:25,Hamburg,7.37,88,1001,3.6,heavy intensity rain
11/05/2026 10:30,London,9.74,73,1010,4.63,overcast clouds
11/05/2026 10:30,Hamburg,7.31,88,1001,3.6,heavy intensity rain
11/05/2026 10:35,London,9.74,73,1010,4.63,overcast clouds
11/05/2026 10:35,Hamburg,7.31,88,1001,3.6,heavy intensity rain
11/05/2026 10:40,London,9.78,74,1011,4.12,overcast clouds
11/05/2026 10:40,Hamburg,6.81,91,1001,4.12,heavy intensity rain
11/05/2026 10:45,London,9.78,74,1011,4.12,overcast clouds
11/05/2026 10:45,Hamburg,6.81,91,1001,4.12,heavy intensity rain
11/05/2026 10:50,London,9.8,74,1011,4.12,overcast clouds
11/05/2026 10:50,Hamburg,6.81,91,1001,4.12,moderate rain
11/05/2026 10:55,London,9.8,74,1011,4.12,overcast clouds
11/05/2026 10:55,Hamburg,6.81,91,1001,4.12,moderate rain
11/05/2026 11:00,London,9.86,75,1011,4.12,overcast clouds
11/05/2026 11:00,Hamburg,6.81,91,1001,4.12,moderate rain
11/05/2026 11:05,London,9.86,75,1011,4.12,overcast clouds
11/05/2026 11:05,Hamburg,6.81,91,1001,4.12,moderate rain
11/05/2026 11:10,London,9.73,76,1010,3.6,overcast clouds
11/05/2026 11:10,Hamburg,6.81,91,1001,4.63,moderate rain
11/05/2026 11:15,London,9.73,76,1010,3.6,overcast clouds
11/05/2026 11:15,Hamburg,6.81,91,1001,4.63,moderate rain
11/05/2026 12:38,London,9.99,76,1012,2.57,broken clouds
11/05/2026 12:38,Hamburg,6.4,89,1001,5.14,broken clouds
11/05/2026 12:43,London,10.19,74,1012,3.6,overcast clouds
11/05/2026 12:43,Hamburg,6.4,89,1001,5.14,broken clouds
11/05/2026 12:48,London,10.19,74,1012,3.6,overcast clouds
11/05/2026 12:48,Hamburg,6.4,88,1001,5.14,broken clouds
11/05/2026 12:53,London,10.14,75,1012,3.6,overcast clouds
11/05/2026 12:53,Hamburg,6.4,88,1001,5.14,broken clouds
11/05/2026 12:58,London,10.21,75,1012,3.6,overcast clouds
11/05/2026 12:58,Hamburg,6.82,86,1001,5.14,broken clouds
11/05/2026 13:03,London,10.21,75,1012,3.6,overcast clouds
11/05/2026 13:03,Hamburg,6.82,86,1001,5.14,broken clouds
11/05/2026 13:08,London,10.03,75,1012,3.6,overcast clouds
11/05/2026 13:08,Hamburg,6.87,88,1001,4.63,overcast clouds
11/05/2026 13:13,London,9.91,76,1011,3.09,light rain
11/05/2026 13:13,Hamburg,6.87,88,1001,4.63,overcast clouds
11/05/2026 13:18,London,9.92,76,1011,3.09,overcast clouds
11/05/2026 13:18,Hamburg,6.79,89,1001,4.63,overcast clouds
11/05/2026 13:23,London,9.97,77,1011,3.09,light rain
11/05/2026 13:23,Hamburg,6.79,89,1001,4.63,overcast clouds
11/05/2026 13:28,London,9.96,77,1011,3.09,light rain
11/05/2026 13:28,Hamburg,6.79,89,1000,4.63,overcast clouds
11/05/2026 13:33,London,9.81,76,1012,3.09,light rain
11/05/2026 13:33,Hamburg,6.79,89,1000,4.63,overcast clouds
11/05/2026 13:38,London,9.81,76,1012,3.09,light rain
11/05/2026 13:38,Hamburg,7.1,87,1001,3.6,overcast clouds
11/05/2026 13:43,London,9.65,76,1012,3.09,light rain
11/05/2026 13:43,Hamburg,7.1,87,1001,3.6,overcast clouds
11/05/2026 13:48,London,9.62,77,1012,3.09,moderate rain
11/05/2026 13:48,Hamburg,7.1,87,1001,3.6,overcast clouds
11/05/2026 13:53,London,9.47,79,1012,3.09,moderate rain
11/05/2026 13:53,Hamburg,7.11,87,1001,3.6,overcast clouds
11/05/2026 13:58,London,9.47,79,1012,3.09,moderate rain
11/05/2026 13:58,Hamburg,7.11,87,1001,3.6,overcast clouds
11/05/2026 14:03,London,9.47,79,1012,3.09,moderate rain
11/05/2026 14:03,Hamburg,7.11,87,1001,3.6,overcast clouds
11/05/2026 14:08,London,9.42,80,1012,3.09,light rain
11/05/2026 14:08,Hamburg,7.44,84,1001,4.12,broken clouds
11/05/2026 14:13,London,9.42,80,1012,3.09,light rain
11/05/2026 14:13,Hamburg,7.44,84,1001,4.12,broken clouds
11/05/2026 14:18,London,9.35,81,1011,4.12,light rain
11/05/2026 14:18,Hamburg,7.48,84,1001,4.12,broken clouds
11/05/2026 14:23,London,9.16,81,1011,4.12,light rain
11/05/2026 14:23,Hamburg,7.48,84,1001,4.12,broken clouds
11/05/2026 14:28,London,9.16,81,1011,4.12,light rain
11/05/2026 14:28,Hamburg,7.88,81,1001,4.12,broken clouds
11/05/2026 14:33,London,8.79,83,1011,4.12,light rain
11/05/2026 14:33,Hamburg,7.88,81,1001,4.12,broken clouds
11/05/2026 14:38,London,8.96,83,1012,4.12,broken clouds
11/05/2026 14:38,Hamburg,7.88,81,1001,4.12,broken clouds
11/05/2026 14:43,London,9.26,84,1012,2.68,broken clouds
11/05/2026 14:43,Hamburg,7.88,81,1000,4.12,broken clouds
11/05/2026 14:48,London,9.26,83,1012,2.68,overcast clouds
11/05/2026 14:48,Hamburg,8.28,79,1000,4.12,overcast clouds
11/05/2026 14:53,London,9.26,83,1012,2.68,overcast clouds
11/05/2026 14:53,Hamburg,8.45,78,1000,4.12,overcast clouds
11/05/2026 14:58,London,9.09,83,1012,1.34,light rain
11/05/2026 14:58,Hamburg,8.39,79,1000,4.12,overcast clouds
11/05/2026 15:03,London,9.16,83,1012,1.34,overcast clouds
11/05/2026 15:03,Hamburg,8.45,78,1000,4.12,overcast clouds
11/05/2026 15:08,London,9.16,83,1012,1.34,overcast clouds
11/05/2026 15:08,Hamburg,8.45,78,1000,4.12,overcast clouds
11/05/2026 15:13,London,9.6,81,1012,3.6,broken clouds
11/05/2026 15:13,Hamburg,9.46,70,1000,6.69,scattered clouds
11/05/2026 15:18,London,9.6,81,1012,3.6,broken clouds
11/05/2026 15:19,Hamburg,9.46,70,1000,6.69,scattered clouds
11/05/2026 15:24,London,9.79,79,1012,3.6,broken clouds
11/05/2026 15:24,Hamburg,9.51,69,1000,6.69,scattered clouds
11/05/2026 15:29,London,9.79,79,1012,3.6,broken clouds
11/05/2026 15:29,Hamburg,9.51,69,1000,6.69,scattered clouds
11/05/2026 15:34,London,9.86,78,1011,3.6,broken clouds
11/05/2026 15:34,Hamburg,9.51,69,1000,6.69,scattered clouds
11/05/2026 15:39,London,10.19,77,1012,3.09,broken clouds
11/05/2026 15:39,Hamburg,9.51,69,1000,6.69,scattered clouds
11/05/2026 15:44,London,10.19,77,1012,3.09,broken clouds
11/05/2026 15:44,Hamburg,10.86,63,1000,6.17,few clouds
11/05/2026 15:49,London,10.29,76,1012,3.09,broken clouds
11/05/2026 15:49,Hamburg,10.86,63,1000,6.17,few clouds
11/05/2026 15:54,London,10.29,76,1012,3.09,broken clouds
11/05/2026 15:54,Hamburg,10.87,62,1000,6.17,few clouds
11/05/2026 15:59,London,10.22,75,1012,3.09,broken clouds
11/05/2026 15:59,Hamburg,10.87,62,1000,6.17,few clouds
11/05/2026 16:04,London,10.22,75,1012,3.09,broken clouds
11/05/2026 16:04,Hamburg,10.97,62,1000,6.17,few clouds
11/05/2026 16:09,London,10.23,75,1012,3.09,broken clouds
11/05/2026 16:09,Hamburg,10.97,62,1000,6.17,few clouds
11/05/2026 16:14,London,10.23,75,1012,3.09,broken clouds
11/05/2026 16:14,Hamburg,10.34,59,1000,7.2,clear sky
11/05/2026 16:19,London,10.34,74,1011,3.09,broken clouds
11/05/2026 16:19,Hamburg,10.34,59,1000,7.2,clear sky
11/05/2026 16:24,London,10.34,74,1011,3.09,broken clouds
11/05/2026 16:24,Hamburg,10.3,58,1000,7.2,clear sky
11/05/2026 16:29,London,10.34,74,1012,3.09,broken clouds
11/05/2026 16:29,Hamburg,10.3,58,1000,7.2,clear sky
11/05/2026 16:34,London,10.24,73,1012,3.09,broken clouds
11/05/2026 16:34,Hamburg,10.26,59,1000,7.2,clear sky
11/05/2026 16:39,London,10.54,72,1012,4.12,broken clouds
11/05/2026 16:39,Hamburg,10.61,60,1000,6.69,few clouds
11/05/2026 16:44,London,10.54,72,1012,4.12,broken clouds
11/05/2026 16:44,Hamburg,10.61,60,1000,6.69,few clouds
11/05/2026 16:49,London,10.66,70,1012,4.12,broken clouds
11/05/2026 16:49,Hamburg,10.57,60,1000,6.69,few clouds
11/05/2026 16:54,London,11.25,66,1012,4.12,broken clouds
11/05/2026 16:54,Hamburg,10.57,60,1000,6.69,few clouds
11/05/2026 16:59,London,11.23,66,1012,4.12,broken clouds
11/05/2026 16:59,Hamburg,10.57,60,1000,6.69,few clouds
11/05/2026 17:04,London,11.23,66,1012,4.12,broken clouds
11/05/2026 17:04,Hamburg,10.57,60,1000,6.69,few clouds
11/05/2026 17:09,London,11.31,67,1012,4.12,broken clouds
11/05/2026 17:09,Hamburg,10.57,60,1000,6.69,few clouds
11/05/2026 17:14,London,11.31,67,1012,4.12,broken clouds
11/05/2026 17:14,Hamburg,10.7,64,1000,7.2,broken clouds
11/05/2026 17:19,London,11.92,62,1012,3.09,scattered clouds
11/05/2026 17:19,Hamburg,10.7,64,1000,7.2,broken clouds
11/05/2026 17:24,London,11.92,62,1012,3.09,scattered clouds
11/05/2026 17:24,Hamburg,10.7,64,1000,7.2,broken clouds
11/05/2026 17:29,London,11.81,62,1012,3.58,overcast clouds
11/05/2026 17:29,Hamburg,10.7,64,1000,7.2,broken clouds
11/05/2026 17:34,London,11.81,62,1012,3.58,overcast clouds
11/05/2026 17:34,Hamburg,10.7,64,1000,7.2,broken clouds
11/05/2026 17:39,London,11.61,60,1012,4.12,scattered clouds
11/05/2026 17:39,Hamburg,10.7,64,1000,7.2,broken clouds
11/05/2026 17:44,London,11.61,60,1012,4.12,scattered clouds
11/05/2026 17:44,Hamburg,10.12,66,1000,6.69,overcast clouds
11/05/2026 17:49,London,12.02,58,1012,4.12,scattered clouds
11/05/2026 17:49,Hamburg,10.08,66,1000,6.69,overcast clouds
11/05/2026 17:54,London,12.02,58,1012,4.12,scattered clouds
11/05/2026 17:54,Hamburg,10.12,66,1000,6.69,overcast clouds
11/05/2026 17:59,London,12.06,57,1012,4.12,scattered clouds
11/05/2026 17:59,Hamburg,10.12,66,1000,6.69,overcast clouds
11/05/2026 18:04,London,11.96,57,1012,4.12,scattered clouds
11/05/2026 18:04,Hamburg,10.12,66,1000,6.69,overcast clouds
11/05/2026 18:09,London,12.18,56,1012,4.12,overcast clouds
11/05/2026 18:09,Hamburg,10.12,66,1000,6.69,overcast clouds
11/05/2026 18:14,London,12.18,56,1012,4.12,overcast clouds
11/05/2026 18:14,Hamburg,10.08,67,1000,6.26,broken clouds
11/05/2026 18:19,London,12.41,54,1012,4.12,overcast clouds
11/05/2026 18:19,Hamburg,10.08,67,1000,6.26,broken clouds
11/05/2026 18:24,London,12.41,54,1012,4.12,overcast clouds
11/05/2026 18:24,Hamburg,9.9,68,1000,4.12,broken clouds
11/05/2026 18:29,London,12.23,55,1012,4.12,overcast clouds
11/05/2026 18:29,Hamburg,9.9,68,1000,4.12,broken clouds
11/05/2026 18:34,London,12.33,53,1012,4.12,overcast clouds
11/05/2026 18:34,Hamburg,9.9,68,1000,4.12,broken clouds
11/05/2026 18:39,London,12.33,53,1012,4.12,overcast clouds
11/05/2026 18:39,Hamburg,9.9,68,1000,4.12,scattered clouds
11/05/2026 18:44,London,11.95,54,1012,4.12,scattered clouds
11/05/2026 18:44,Hamburg,9.9,68,1000,4.12,scattered clouds
11/05/2026 18:49,London,11.95,54,1012,4.12,scattered clouds
11/05/2026 18:49,Hamburg,9.9,68,1000,4.12,scattered clouds
11/05/2026 18:54,London,12.16,53,1012,2.24,overcast clouds
11/05/2026 18:54,Hamburg,9.9,68,1000,4.12,scattered clouds
11/05/2026 18:59,London,12.1,53,1013,4.12,scattered clouds
11/05/2026 18:59,Hamburg,9.9,68,1000,4.12,scattered clouds
11/05/2026 19:04,London,12.1,53,1013,4.12,scattered clouds
11/05/2026 19:04,Hamburg,9.9,68,1000,4.12,scattered clouds
11/05/2026 19:09,London,12.15,52,1012,2.24,overcast clouds
11/05/2026 19:09,Hamburg,9.41,72,1000,3.09,scattered clouds
11/05/2026 19:14,London,12.15,52,1012,2.24,overcast clouds
11/05/2026 19:14,Hamburg,9.41,72,1000,3.09,scattered clouds
11/05/2026 19:19,London,12.13,52,1012,2.24,overcast clouds
11/05/2026 19:19,Hamburg,9.41,72,1000,3.09,scattered clouds
11/05/2026 19:24,London,12.13,52,1012,2.24,overcast clouds
11/05/2026 19:24,Hamburg,9.41,72,1000,3.09,scattered clouds
11/05/2026 19:29,London,12.25,52,1012,1.79,overcast clouds
11/05/2026 19:29,Hamburg,9.41,72,1000,3.09,scattered clouds
11/05/2026 19:34,London,12.25,52,1012,1.79,overcast clouds
11/05/2026 19:34,Hamburg,9.41,71,1000,3.09,scattered clouds
11/05/2026 19:39,London,12.29,52,1013,2.24,overcast clouds
11/05/2026 19:39,Hamburg,9.41,71,1000,3.09,scattered clouds
11/05/2026 19:44,London,12.29,52,1013,2.24,overcast clouds
11/05/2026 19:44,Hamburg,9.84,66,1000,5.14,few clouds
11/05/2026 19:49,London,11.88,52,1013,3.09,overcast clouds
11/05/2026 19:49,Hamburg,9.84,66,1000,5.14,few clouds
11/05/2026 19:54,London,11.88,52,1013,3.09,overcast clouds
11/05/2026 19:54,Hamburg,9.84,65,1000,5.14,few clouds
11/05/2026 19:59,London,11.78,52,1013,3.09,overcast clouds
11/05/2026 19:59,Hamburg,9.84,65,1000,5.14,few clouds
11/05/2026 20:04,London,11.78,52,1013,3.09,overcast clouds
11/05/2026 20:04,Hamburg,9.91,62,1001,7.2,scattered clouds
11/05/2026 20:09,London,11.79,51,1013,3.09,overcast clouds
11/05/2026 20:09,Hamburg,9.91,62,1001,7.2,scattered clouds
11/05/2026 20:14,London,11.79,51,1013,3.09,overcast clouds
11/05/2026 20:14,Hamburg,9.91,63,1001,7.2,scattered clouds
11/05/2026 20:19,London,11.58,51,1013,3.09,overcast clouds
11/05/2026 20:19,Hamburg,9.91,63,1001,7.2,scattered clouds
11/05/2026 20:24,London,11.58,51,1013,3.09,overcast clouds
11/05/2026 20:24,Hamburg,9.91,63,1001,7.2,scattered clouds
11/05/2026 20:29,London,11.6,51,1013,3.09,overcast clouds
11/05/2026 20:29,Hamburg,9.91,63,1001,7.2,scattered clouds
11/05/2026 20:34,London,11.6,51,1013,3.09,overcast clouds
11/05/2026 20:34,Hamburg,9.91,63,1001,7.2,scattered clouds
11/05/2026 20:39,London,11.1,52,1014,3.09,broken clouds
11/05/2026 20:39,Hamburg,9.45,66,1001,7.2,few clouds
11/05/2026 20:44,London,11.1,52,1014,3.09,broken clouds
11/05/2026 20:44,Hamburg,9.45,66,1001,7.2,few clouds
11/05/2026 20:49,London,11.1,53,1014,3.09,broken clouds
11/05/2026 20:49,Hamburg,9.45,66,1001,7.2,few clouds
11/05/2026 20:54,London,11.1,53,1014,3.09,broken clouds
11/05/2026 20:54,Hamburg,9.45,66,1001,7.2,few clouds
11/05/2026 20:57,London,11.02,52,1014,3.09,broken clouds
11/05/2026 20:57,Hamburg,9.45,66,1001,7.2,few clouds
11/05/2026 21:02,London,11.02,52,1014,3.09,broken clouds
11/05/2026 21:02,Hamburg,9.53,64,1001,7.2,few clouds
11/05/2026 21:07,London,10.68,55,1014,4.63,broken clouds
11/05/2026 21:07,Hamburg,9.53,64,1001,7.2,few clouds
11/05/2026 21:12,London,10.68,55,1014,4.63,broken clouds
11/05/2026 21:12,Hamburg,9.24,62,1001,6.17,scattered clouds
11/05/2026 21:17,London,10.52,55,1013,4.63,broken clouds
11/05/2026 21:17,Hamburg,9.24,62,1001,6.17,scattered clouds
11/05/2026 21:22,London,10.49,54,1014,4.63,broken clouds
11/05/2026 21:22,Hamburg,8.89,61,1001,6.17,scattered clouds
11/05/2026 21:27,London,10.49,54,1014,4.63,broken clouds
11/05/2026 21:27,Hamburg,8.89,61,1001,6.17,scattered clouds
11/05/2026 21:32,London,10.38,54,1014,4.63,broken clouds
11/05/2026 21:32,Hamburg,8.89,61,1001,6.17,scattered clouds
11/05/2026 21:38,London,10.38,54,1014,4.63,broken clouds
11/05/2026 21:38,Hamburg,8.89,61,1001,6.17,scattered clouds
11/05/2026 21:43,London,9.61,57,1015,3.6,scattered clouds
11/05/2026 21:43,Hamburg,7.9,64,1001,4.12,clear sky
11/05/2026 21:48,London,9.61,57,1015,3.6,scattered clouds
11/05/2026 21:48,Hamburg,7.9,64,1001,4.12,clear sky
11/05/2026 21:53,London,9.46,58,1015,3.6,scattered clouds
11/05/2026 21:53,Hamburg,7.9,64,1001,4.12,clear sky
11/05/2026 21:58,London,9.46,58,1015,3.6,scattered clouds
11/05/2026 21:58,Hamburg,7.9,64,1001,4.12,clear sky
11/05/2026 22:03,London,9.24,58,1015,3.6,scattered clouds
11/05/2026 22:03,Hamburg,7.9,64,1001,4.12,clear sky
11/05/2026 22:08,London,9.24,58,1015,3.6,scattered clouds
11/05/2026 22:08,Hamburg,7.9,64,1001,4.12,clear sky
11/05/2026 22:13,London,9.28,57,1015,3.6,scattered clouds
11/05/2026 22:13,Hamburg,6.9,68,1001,5.14,clear sky
11/05/2026 22:18,London,9.2,57,1014,3.09,scattered clouds
11/05/2026 22:18,Hamburg,6.8,70,1001,5.14,clear sky
11/05/2026 22:23,London,9.07,58,1014,3.09,scattered clouds
11/05/2026 22:23,Hamburg,6.8,70,1001,5.14,clear sky
11/05/2026 22:28,London,9.07,58,1014,3.09,scattered clouds
11/05/2026 22:28,Hamburg,6.7,72,1001,5.14,clear sky
11/05/2026 22:33,London,8.79,59,1015,3.09,scattered clouds
11/05/2026 22:33,Hamburg,6.7,72,1001,5.14,clear sky
11/05/2026 22:38,London,8.79,59,1015,3.09,scattered clouds
11/05/2026 22:38,Hamburg,6.7,72,1001,5.14,clear sky
11/05/2026 23:02,London,7.99,62,1015,2.06,scattered clouds
11/05/2026 23:02,Hamburg,6.42,72,1001,3.09,clear sky
11/05/2026 23:07,London,7.86,63,1015,2.06,scattered clouds
11/05/2026 23:07,Hamburg,6.42,72,1001,3.09,clear sky
11/05/2026 23:12,London,7.86,63,1015,2.06,scattered clouds
11/05/2026 23:12,Hamburg,6.42,72,1001,3.09,clear sky
11/05/2026 23:17,London,7.44,64,1015,2.06,scattered clouds
11/05/2026 23:17,Hamburg,5.46,73,1001,3.09,clear sky
11/05/2026 23:22,London,7.39,64,1015,2.06,scattered clouds
11/05/2026 23:22,Hamburg,5.46,73,1001,3.09,clear sky
11/05/2026 23:27,London,7.44,64,1015,2.06,scattered clouds
11/05/2026 23:27,Hamburg,5.46,73,1001,3.09,clear sky
11/05/2026 23:32,London,7.22,65,1015,2.06,scattered clouds
11/05/2026 23:32,Hamburg,5.46,73,1001,3.09,clear sky
11/05/2026 23:37,London,7.22,65,1015,2.06,scattered clouds
11/05/2026 23:37,Hamburg,4.73,80,1002,2.68,clear sky
11/05/2026 23:42,London,6.95,66,1016,0.89,scattered clouds
11/05/2026 23:42,Hamburg,4.73,80,1002,2.68,clear sky
11/05/2026 23:47,London,6.95,66,1016,0.89,scattered clouds
11/05/2026 23:47,Hamburg,4.8,79,1002,2.68,clear sky
11/05/2026 23:52,London,6.89,68,1016,0.45,scattered clouds
11/05/2026 23:52,Hamburg,4.8,79,1002,2.68,clear sky
11/05/2026 23:57,London,6.89,68,1016,0.45,scattered clouds
11/05/2026 23:57,Hamburg,4.8,79,1002,2.68,clear sky
12/05/2026 00:02,London,6.71,68,1016,0.45,scattered clouds
12/05/2026 00:02,Hamburg,4.8,79,1002,2.68,clear sky
12/05/2026 00:07,London,6.71,68,1016,0.45,scattered clouds
12/05/2026 00:07,Hamburg,4.31,82,1001,2.68,clear sky
12/05/2026 00:12,London,6.6,68,1015,2.06,scattered clouds
12/05/2026 00:12,Hamburg,4.31,82,1001,2.68,clear sky
12/05/2026 00:17,London,6.6,68,1015,2.06,scattered clouds
12/05/2026 00:17,Hamburg,3.83,87,1001,1.54,clear sky
12/05/2026 00:22,London,6.56,69,1015,2.06,scattered clouds
12/05/2026 00:22,Hamburg,3.83,87,1001,1.54,clear sky
12/05/2026 00:27,London,6.56,69,1015,2.06,scattered clouds
12/05/2026 00:27,Hamburg,3.83,87,1001,1.54,clear sky
12/05/2026 00:32,London,6.56,69,1015,2.06,scattered clouds
12/05/2026 00:32,Hamburg,3.83,87,1001,1.54,clear sky
12/05/2026 00:37,London,5.92,71,1016,1.04,few clouds
12/05/2026 00:37,Hamburg,3.48,90,1002,1.54,clear sky
12/05/2026 00:42,London,5.92,71,1016,1.04,few clouds
12/05/2026 00:42,Hamburg,3.48,90,1002,1.54,clear sky
12/05/2026 00:47,London,5.8,72,1016,1.04,few clouds
12/05/2026 00:47,Hamburg,3.5,90,1002,1.54,clear sky
12/05/2026 00:52,London,5.8,72,1016,1.04,few clouds
12/05/2026 00:52,Hamburg,3.48,90,1002,1.54,clear sky
12/05/2026 00:57,London,5.65,72,1016,1.04,few clouds
12/05/2026 00:57,Hamburg,3.48,90,1002,1.54,clear sky
12/05/2026 01:02,London,5.65,72,1016,1.04,few clouds
12/05/2026 01:02,Hamburg,3.48,90,1002,1.54,clear sky
12/05/2026 01:07,London,5.48,73,1016,1.04,few clouds
12/05/2026 01:07,Hamburg,3.48,90,1002,1.54,clear sky
12/05/2026 01:12,London,5.48,73,1016,1.04,few clouds
12/05/2026 01:12,Hamburg,3.14,87,1001,2.57,few clouds
12/05/2026 01:17,London,5.23,74,1016,1.04,few clouds
12/05/2026 01:17,Hamburg,3.14,87,1001,2.57,few clouds
12/05/2026 01:22,London,5.13,75,1016,1.04,few clouds
12/05/2026 01:22,Hamburg,3.48,87,1001,2.57,few clouds
12/05/2026 01:27,London,5.13,75,1016,1.04,few clouds
12/05/2026 01:27,Hamburg,3.14,87,1001,2.57,few clouds
12/05/2026 01:32,London,5.13,75,1016,1.04,few clouds
12/05/2026 01:32,Hamburg,3.17,86,1001,2.57,few clouds
12/05/2026 01:37,London,4.72,76,1016,0.94,scattered clouds
12/05/2026 01:37,Hamburg,3.17,86,1001,2.57,few clouds
12/05/2026 01:42,London,4.72,76,1016,0.94,scattered clouds
12/05/2026 01:42,Hamburg,3.45,85,1002,2.57,few clouds
12/05/2026 01:47,London,4.57,76,1016,0.94,scattered clouds
12/05/2026 01:47,Hamburg,3.45,85,1002,2.57,few clouds
12/05/2026 01:52,London,4.68,76,1016,0.94,scattered clouds
12/05/2026 01:52,Hamburg,3.49,85,1002,2.57,few clouds
12/05/2026 01:57,London,3.74,79,1016,0.94,scattered clouds
12/05/2026 01:57,Hamburg,3.49,85,1002,2.57,few clouds
12/05/2026 02:02,London,3.74,79,1016,0.94,scattered clouds
12/05/2026 02:02,Hamburg,3.48,85,1002,2.57,few clouds
12/05/2026 02:07,London,4.13,78,1016,0.94,scattered clouds
12/05/2026 02:07,Hamburg,3.48,85,1002,2.57,few clouds
12/05/2026 02:12,London,4.13,78,1016,0.94,scattered clouds
12/05/2026 02:12,Hamburg,2.86,90,1002,2.57,few clouds
12/05/2026 02:17,London,3.96,79,1015,0.94,scattered clouds
12/05/2026 02:17,Hamburg,2.86,90,1002,2.57,few clouds
12/05/2026 02:22,London,3.96,79,1015,0.94,scattered clouds
12/05/2026 02:22,Hamburg,2.55,93,1001,2.57,few clouds
12/05/2026 02:27,London,4.03,79,1015,0.94,scattered clouds
12/05/2026 02:27,Hamburg,2.55,93,1001,2.57,few clouds
12/05/2026 02:32,London,4.04,79,1015,0.94,scattered clouds
12/05/2026 02:32,Hamburg,2.55,93,1001,2.57,few clouds
12/05/2026 02:37,London,3.92,79,1016,0.29,few clouds
12/05/2026 02:37,Hamburg,2.99,90,1002,2.57,few clouds
12/05/2026 02:42,London,3.92,79,1016,0.29,few clouds
12/05/2026 02:42,Hamburg,2.99,90,1002,2.57,few clouds
12/05/2026 02:47,London,3.87,80,1016,0.29,few clouds
12/05/2026 02:47,Hamburg,3.89,82,1002,2.57,broken clouds
12/05/2026 02:52,London,3.87,80,1016,0.29,few clouds
12/05/2026 02:52,Hamburg,3.89,82,1002,2.57,broken clouds
12/05/2026 02:57,London,3.76,81,1016,0.29,few clouds
12/05/2026 02:57,Hamburg,3.89,82,1002,2.57,broken clouds
12/05/2026 03:02,London,3.64,81,1016,0.93,overcast clouds
12/05/2026 03:02,Hamburg,3.89,82,1002,2.57,broken clouds
12/05/2026 03:07,London,3.64,81,1016,0.93,overcast clouds
12/05/2026 03:07,Hamburg,3.89,82,1002,2.57,broken clouds
12/05/2026 03:12,London,3.58,81,1016,0.93,overcast clouds
12/05/2026 03:12,Hamburg,4.21,83,1002,2.06,broken clouds
12/05/2026 03:17,London,3.58,81,1016,0.93,overcast clouds
12/05/2026 03:17,Hamburg,4.21,83,1002,2.06,broken clouds
12/05/2026 03:22,London,3.67,80,1015,0.93,overcast clouds
12/05/2026 03:22,Hamburg,4.21,83,1002,2.06,broken clouds
12/05/2026 03:27,London,3.67,80,1015,0.93,overcast clouds
12/05/2026 03:27,Hamburg,4.21,83,1002,2.06,broken clouds
12/05/2026 03:32,London,3.95,80,1016,0.93,overcast clouds
12/05/2026 03:32,Hamburg,4.21,83,1002,2.06,broken clouds
12/05/2026 03:37,London,3.94,80,1016,1.54,overcast clouds
12/05/2026 03:37,Hamburg,4.21,85,1002,1.54,overcast clouds
12/05/2026 03:42,London,3.94,80,1016,1.54,overcast clouds
12/05/2026 03:42,Hamburg,4.21,85,1002,1.54,overcast clouds
12/05/2026 03:47,London,3.95,80,1016,1.54,overcast clouds
12/05/2026 03:47,Hamburg,4.21,85,1002,1.54,overcast clouds
12/05/2026 03:52,London,3.95,80,1016,1.54,overcast clouds
12/05/2026 03:52,Hamburg,4.21,85,1002,1.54,overcast clouds
12/05/2026 03:57,London,3.86,81,1016,1.54,overcast clouds
12/05/2026 03:57,Hamburg,4.21,85,1002,1.54,overcast clouds
12/05/2026 04:02,London,3.86,81,1016,1.54,overcast clouds
12/05/2026 04:02,Hamburg,4.21,85,1002,1.54,overcast clouds
12/05/2026 04:07,London,3.95,80,1015,1.03,overcast clouds
12/05/2026 04:07,Hamburg,4.21,85,1002,1.54,overcast clouds
12/05/2026 04:12,London,3.95,80,1015,1.03,overcast clouds
12/05/2026 04:12,Hamburg,4.21,85,1002,1.54,overcast clouds
12/05/2026 04:17,London,3.8,80,1015,1.03,overcast clouds
12/05/2026 04:17,Hamburg,3.52,86,1002,1.03,overcast clouds
12/05/2026 04:22,London,3.8,80,1015,1.03,overcast clouds
12/05/2026 04:22,Hamburg,3.52,86,1002,1.03,overcast clouds
12/05/2026 04:27,London,3.8,80,1015,1.03,overcast clouds
12/05/2026 04:27,Hamburg,3.52,86,1002,1.03,overcast clouds
12/05/2026 04:32,London,3.34,82,1015,1.23,overcast clouds
12/05/2026 04:32,Hamburg,3.52,86,1003,1.03,overcast clouds
12/05/2026 04:37,London,3.34,82,1015,1.23,overcast clouds
12/05/2026 04:37,Hamburg,3.52,86,1003,1.03,overcast clouds
12/05/2026 04:42,London,2.38,84,1016,0.87,broken clouds
12/05/2026 04:42,Hamburg,3.52,88,1003,1.54,broken clouds
12/05/2026 04:47,London,2.38,84,1016,0.87,broken clouds
12/05/2026 04:47,Hamburg,3.52,88,1003,1.54,broken clouds
12/05/2026 04:52,London,2.38,84,1016,0.87,broken clouds
12/05/2026 04:52,Hamburg,3.49,88,1003,1.54,broken clouds
12/05/2026 04:57,London,2.32,84,1016,0.87,broken clouds
12/05/2026 04:57,Hamburg,3.49,88,1003,1.54,broken clouds
12/05/2026 05:02,London,2.32,84,1016,0.87,broken clouds
12/05/2026 05:02,Hamburg,3.49,88,1003,1.54,broken clouds
12/05/2026 05:07,London,2.32,84,1016,0.87,broken clouds
12/05/2026 05:07,Hamburg,3.21,90,1002,1.54,clear sky
12/05/2026 05:12,London,2.38,84,1015,0.87,broken clouds
12/05/2026 05:12,Hamburg,3.21,90,1002,1.54,clear sky
12/05/2026 05:17,London,2.38,84,1015,0.87,broken clouds
12/05/2026 05:17,Hamburg,3.18,92,1002,1.54,clear sky
12/05/2026 05:22,London,2.69,83,1016,0.87,broken clouds
12/05/2026 05:22,Hamburg,3.18,92,1002,1.54,clear sky
12/05/2026 05:27,London,2.69,83,1016,0.87,broken clouds
12/05/2026 05:27,Hamburg,3.18,92,1002,1.54,clear sky
12/05/2026 05:32,London,2.31,84,1016,0.87,broken clouds
12/05/2026 05:32,Hamburg,2.79,92,1003,1.54,few clouds
12/05/2026 05:37,London,2.31,84,1016,0.87,broken clouds
12/05/2026 05:37,Hamburg,2.79,92,1003,1.54,few clouds
12/05/2026 05:43,London,2.3,84,1016,1.61,broken clouds
12/05/2026 05:43,Hamburg,2.79,92,1003,1.54,few clouds
12/05/2026 05:48,London,2.3,84,1016,1.61,broken clouds
12/05/2026 05:48,Hamburg,2.79,92,1003,1.54,few clouds
12/05/2026 05:53,London,2.3,85,1016,1.61,broken clouds
12/05/2026 05:53,Hamburg,2.79,92,1003,1.54,few clouds
12/05/2026 05:58,London,2.3,85,1016,1.61,broken clouds
12/05/2026 05:58,Hamburg,2.79,92,1003,1.54,few clouds
12/05/2026 06:03,London,1.94,85,1016,0.45,broken clouds
12/05/2026 06:03,Hamburg,2.79,92,1003,1.54,few clouds
12/05/2026 06:08,London,1.94,85,1016,0.45,broken clouds
12/05/2026 06:08,Hamburg,2.79,92,1003,1.54,few clouds
12/05/2026 06:13,London,1.96,85,1015,1.61,broken clouds
12/05/2026 06:13,Hamburg,2.76,92,1003,2.06,broken clouds
12/05/2026 06:18,London,1.96,85,1015,1.61,broken clouds
12/05/2026 06:18,Hamburg,2.76,92,1003,2.06,broken clouds
12/05/2026 06:23,London,1.9,86,1015,1.61,broken clouds
12/05/2026 06:23,Hamburg,2.76,92,1003,2.06,broken clouds
12/05/2026 06:28,London,1.9,86,1015,1.61,broken clouds
12/05/2026 06:28,Hamburg,3.3,91,1003,2.06,broken clouds
12/05/2026 06:33,London,1.84,86,1016,1.61,broken clouds
12/05/2026 06:33,Hamburg,3.3,91,1003,2.06,broken clouds
12/05/2026 06:38,London,1.84,86,1016,1.61,broken clouds
12/05/2026 06:38,Hamburg,3.35,91,1004,2.06,broken clouds
12/05/2026 06:43,London,2.59,85,1016,1.8,broken clouds
12/05/2026 06:43,Hamburg,3.35,91,1004,2.06,broken clouds
12/05/2026 06:48,London,2.59,85,1016,1.8,broken clouds
12/05/2026 06:48,Hamburg,4.34,93,1004,3.09,broken clouds
12/05/2026 06:53,London,3.24,85,1016,1.8,broken clouds
12/05/2026 06:53,Hamburg,4.34,93,1004,3.09,broken clouds
12/05/2026 06:58,London,3.24,85,1016,1.8,broken clouds
12/05/2026 06:58,Hamburg,4.34,93,1004,3.09,broken clouds
12/05/2026 07:03,London,2.97,84,1016,1.8,broken clouds
12/05/2026 07:03,Hamburg,4.4,93,1004,3.09,broken clouds
12/05/2026 07:08,London,2.97,84,1016,1.8,broken clouds
12/05/2026 07:08,Hamburg,4.4,93,1004,3.09,broken clouds
12/05/2026 07:13,London,2.84,84,1015,1.8,broken clouds
12/05/2026 07:13,Hamburg,4.4,93,1004,3.09,broken clouds
12/05/2026 07:18,London,2.84,84,1015,1.8,broken clouds
12/05/2026 07:18,Hamburg,5.18,89,1003,3.09,light rain
12/05/2026 07:23,London,2.64,85,1015,0.89,broken clouds
12/05/2026 07:23,Hamburg,5.18,89,1003,3.09,light rain
12/05/2026 07:28,London,3.11,84,1016,1.54,broken clouds
12/05/2026 07:28,Hamburg,5.18,89,1003,3.09,light rain
12/05/2026 07:33,London,3.11,84,1016,1.54,broken clouds
12/05/2026 07:33,Hamburg,5.22,89,1005,3.09,moderate rain
12/05/2026 07:38,London,3.52,83,1016,1.54,broken clouds
12/05/2026 07:38,Hamburg,5.22,89,1005,3.09,moderate rain
12/05/2026 07:43,London,3.52,83,1016,1.54,broken clouds
12/05/2026 07:43,Hamburg,5.22,88,1005,3.09,shower rain
12/05/2026 07:48,London,4.34,83,1016,1.54,broken clouds
12/05/2026 07:48,Hamburg,5.22,88,1005,3.09,shower rain
12/05/2026 07:53,London,4.34,83,1016,1.54,broken clouds
12/05/2026 07:53,Hamburg,5.22,88,1005,3.09,shower rain
12/05/2026 07:58,London,4.84,83,1016,1.54,broken clouds
12/05/2026 07:58,Hamburg,5.22,88,1005,3.09,shower rain
12/05/2026 08:03,London,5.21,82,1016,2.24,broken clouds
12/05/2026 08:03,Hamburg,5.22,88,1005,3.09,shower rain
12/05/2026 08:08,London,5.21,82,1016,2.24,broken clouds
12/05/2026 08:08,Hamburg,5.23,88,1005,3.09,shower rain
12/05/2026 09:14,London,8.18,72,1016,2.57,scattered clouds
12/05/2026 09:14,Hamburg,6.93,85,1005,4.63,light rain
12/05/2026 09:19,London,8.5,71,1015,3.6,scattered clouds
12/05/2026 09:19,Hamburg,6.93,85,1005,4.63,light rain
12/05/2026 09:24,London,8.5,71,1015,3.6,scattered clouds
12/05/2026 09:24,Hamburg,6.82,85,1005,4.63,light rain
12/05/2026 09:29,London,9.04,68,1015,3.6,scattered clouds
12/05/2026 09:29,Hamburg,6.82,85,1005,4.63,light rain
12/05/2026 09:34,London,9.04,68,1015,3.6,scattered clouds
12/05/2026 09:34,Hamburg,6.82,85,1006,4.63,moderate rain
12/05/2026 09:39,London,9.57,68,1016,4.12,scattered clouds
12/05/2026 09:39,Hamburg,6.82,85,1006,4.63,moderate rain
12/05/2026 09:44,London,9.83,67,1016,4.12,scattered clouds
12/05/2026 09:44,Hamburg,6.86,87,1006,4.63,moderate rain
12/05/2026 09:49,London,9.83,67,1016,4.12,scattered clouds
12/05/2026 09:49,Hamburg,6.86,87,1006,4.63,moderate rain
12/05/2026 09:54,London,9.99,67,1016,4.12,scattered clouds
12/05/2026 09:54,Hamburg,6.86,87,1006,4.63,moderate rain
12/05/2026 09:59,London,9.99,67,1016,4.12,scattered clouds
12/05/2026 09:59,Hamburg,6.86,87,1006,4.63,moderate rain
12/05/2026 10:04,London,10.56,66,1016,4.12,scattered clouds
12/05/2026 10:04,Hamburg,6.9,86,1006,4.63,heavy intensity rain
12/05/2026 10:09,London,10.56,66,1016,4.12,scattered clouds
12/05/2026 10:09,Hamburg,6.9,86,1006,4.63,heavy intensity rain
12/05/2026 10:14,London,10.96,65,1016,4.12,scattered clouds
12/05/2026 10:14,Hamburg,6.84,83,1006,3.6,heavy intensity rain
12/05/2026 10:19,London,11.27,61,1015,5.14,scattered clouds
12/05/2026 10:19,Hamburg,6.84,83,1006,3.6,heavy intensity rain
12/05/2026 10:24,London,11.27,61,1015,5.14,scattered clouds
12/05/2026 10:24,Hamburg,6.49,85,1006,3.6,heavy intensity rain
12/05/2026 10:29,London,11.24,60,1015,5.14,scattered clouds
12/05/2026 10:29,Hamburg,6.49,85,1006,3.6,heavy intensity rain
12/05/2026 10:34,London,11.24,60,1015,5.14,scattered clouds
12/05/2026 10:34,Hamburg,6.37,85,1006,3.6,moderate rain
12/05/2026 10:39,London,11.43,59,1016,5.14,scattered clouds
12/05/2026 10:39,Hamburg,6.37,85,1006,3.6,moderate rain
12/05/2026 10:44,London,11.98,57,1016,6.17,scattered clouds
12/05/2026 10:44,Hamburg,6.53,84,1006,2.68,moderate rain
12/05/2026 10:49,London,11.98,57,1016,6.17,scattered clouds
12/05/2026 10:49,Hamburg,6.53,84,1006,2.68,moderate rain
12/05/2026 10:54,London,12.36,55,1015,6.17,scattered clouds
12/05/2026 10:54,Hamburg,6.53,84,1007,2.68,moderate rain
12/05/2026 10:59,London,12.36,55,1015,6.17,scattered clouds
12/05/2026 10:59,Hamburg,6.53,84,1007,2.68,moderate rain
12/05/2026 11:04,London,12.24,55,1015,6.17,scattered clouds
12/05/2026 11:04,Hamburg,7.01,81,1007,2.57,moderate rain
12/05/2026 11:09,London,12.24,55,1015,6.17,scattered clouds
12/05/2026 11:09,Hamburg,7.01,81,1007,2.57,moderate rain
12/05/2026 11:14,London,12.38,53,1015,5.14,scattered clouds
12/05/2026 11:14,Hamburg,7.22,84,1006,2.06,moderate rain
12/05/2026 11:19,London,12.38,53,1015,5.14,scattered clouds
12/05/2026 11:19,Hamburg,7.22,84,1006,2.06,moderate rain
12/05/2026 11:24,London,12.76,51,1015,5.14,scattered clouds
12/05/2026 11:24,Hamburg,7.26,84,1006,2.06,moderate rain
12/05/2026 11:30,London,12.76,51,1015,5.14,scattered clouds
12/05/2026 11:30,Hamburg,7.26,84,1006,2.06,moderate rain
12/05/2026 11:35,London,12.92,49,1015,5.14,scattered clouds
12/05/2026 11:35,Hamburg,7.26,84,1007,2.06,moderate rain
12/05/2026 11:40,London,12.92,49,1015,5.14,scattered clouds
12/05/2026 11:40,Hamburg,7.26,84,1007,2.06,moderate rain
12/05/2026 11:45,London,13.24,48,1015,6.17,scattered clouds
12/05/2026 11:45,Hamburg,7.54,80,1007,3.09,moderate rain
12/05/2026 11:50,London,13.52,46,1015,6.17,scattered clouds
12/05/2026 11:50,Hamburg,7.53,80,1007,3.09,moderate rain
12/05/2026 11:55,London,13.52,46,1015,6.17,scattered clouds
12/05/2026 11:55,Hamburg,7.53,80,1007,3.09,moderate rain
12/05/2026 12:00,London,13.86,44,1015,6.17,scattered clouds
12/05/2026 12:00,Hamburg,7.49,81,1007,3.09,light rain
12/05/2026 12:05,London,13.86,44,1015,6.17,scattered clouds
12/05/2026 12:05,Hamburg,7.49,81,1007,3.09,light rain
12/05/2026 12:10,London,14.03,43,1014,4.63,scattered clouds
12/05/2026 12:10,Hamburg,7.79,85,1006,3.09,few clouds
12/05/2026 12:15,London,13.88,44,1015,6.17,scattered clouds
12/05/2026 12:15,Hamburg,7.79,85,1006,3.09,light rain
12/05/2026 12:20,London,13.98,45,1014,4.63,scattered clouds
12/05/2026 12:20,Hamburg,7.79,85,1006,3.09,few clouds
12/05/2026 12:25,London,13.98,45,1014,4.63,scattered clouds
12/05/2026 12:25,Hamburg,7.79,85,1006,3.09,few clouds
12/05/2026 12:30,London,14.47,42,1014,4.63,scattered clouds
12/05/2026 12:30,Hamburg,8.34,83,1006,3.09,few clouds
12/05/2026 12:35,London,14.47,42,1014,4.63,scattered clouds
12/05/2026 12:35,Hamburg,8.34,83,1006,3.09,few clouds
12/05/2026 12:40,London,14.69,43,1014,5.14,few clouds
12/05/2026 12:40,Hamburg,9.7,81,1006,2.57,clear sky
12/05/2026 12:45,London,14.74,43,1014,5.14,few clouds
12/05/2026 12:45,Hamburg,9.7,81,1006,2.57,clear sky
12/05/2026 12:50,London,14.74,43,1014,5.14,few clouds
12/05/2026 12:50,Hamburg,9.7,81,1006,2.57,clear sky
12/05/2026 12:55,London,14.86,42,1014,5.14,few clouds
12/05/2026 12:55,Hamburg,9.75,81,1006,2.57,clear sky
12/05/2026 13:00,London,14.86,42,1014,5.14,few clouds
12/05/2026 13:00,Hamburg,9.75,81,1006,2.57,clear sky
12/05/2026 13:05,London,15.1,44,1014,5.14,few clouds
12/05/2026 13:05,Hamburg,9.7,81,1006,2.57,clear sky
12/05/2026 13:10,London,15.1,44,1014,5.14,few clouds
12/05/2026 13:10,Hamburg,9.7,81,1006,2.57,clear sky
12/05/2026 13:15,London,15.58,44,1014,4.02,few clouds
12/05/2026 13:15,Hamburg,10.7,74,1006,8.23,broken clouds
12/05/2026 13:20,London,15.56,44,1014,4.02,few clouds
12/05/2026 13:20,Hamburg,10.67,74,1006,8.23,broken clouds
12/05/2026 13:25,London,15.56,44,1014,4.02,few clouds
12/05/2026 13:25,Hamburg,10.67,74,1006,8.23,broken clouds
12/05/2026 13:30,London,15.74,43,1014,4.47,few clouds
12/05/2026 13:30,Hamburg,10.67,74,1006,8.23,broken clouds
12/05/2026 13:35,London,15.74,43,1014,4.47,few clouds
12/05/2026 13:35,Hamburg,10.67,74,1006,8.23,broken clouds
12/05/2026 13:40,London,15.7,43,1014,5.14,scattered clouds
12/05/2026 13:40,Hamburg,10.05,74,1006,8.75,broken clouds
12/05/2026 13:45,London,15.77,44,1014,5.14,scattered clouds
12/05/2026 13:45,Hamburg,10.05,74,1006,8.75,broken clouds
12/05/2026 13:50,London,15.77,44,1014,5.14,scattered clouds
12/05/2026 13:50,Hamburg,10.05,74,1006,8.75,broken clouds
12/05/2026 13:55,London,15.98,44,1013,5.14,scattered clouds
12/05/2026 13:55,Hamburg,10.08,74,1006,8.75,broken clouds
12/05/2026 14:00,London,15.98,44,1013,5.14,scattered clouds
12/05/2026 14:00,Hamburg,10.08,74,1006,8.75,broken clouds
12/05/2026 14:05,London,15.65,45,1013,5.14,scattered clouds
12/05/2026 14:05,Hamburg,10.66,73,1006,9.26,few clouds
12/05/2026 14:10,London,15.65,45,1013,5.14,scattered clouds
12/05/2026 14:10,Hamburg,10.66,73,1006,9.26,few clouds
12/05/2026 14:15,London,15.64,46,1013,5.14,scattered clouds
12/05/2026 14:15,Hamburg,10.66,73,1006,9.26,few clouds
12/05/2026 14:20,London,15.64,46,1013,5.14,scattered clouds
12/05/2026 14:20,Hamburg,10.66,73,1006,9.26,few clouds
12/05/2026 14:25,London,15.84,45,1013,5.14,scattered clouds
12/05/2026 14:25,Hamburg,10.66,73,1006,9.26,few clouds
12/05/2026 14:30,London,15.84,45,1013,5.14,scattered clouds
12/05/2026 14:30,Hamburg,10.66,73,1006,9.26,few clouds
12/05/2026 14:35,London,15.86,46,1013,5.14,overcast clouds
12/05/2026 14:35,Hamburg,10.38,74,1007,8.75,light rain
12/05/2026 14:40,London,15.86,46,1013,5.14,overcast clouds
12/05/2026 14:40,Hamburg,10.38,74,1007,8.75,light rain
12/05/2026 14:45,London,15.93,46,1013,5.14,overcast clouds
12/05/2026 14:45,Hamburg,10.42,74,1007,8.75,light rain
12/05/2026 14:50,London,15.85,46,1013,6.17,overcast clouds
12/05/2026 14:50,Hamburg,10.38,74,1007,8.75,broken clouds
12/05/2026 14:55,London,15.85,46,1013,6.17,overcast clouds
12/05/2026 14:55,Hamburg,10.38,74,1007,8.75,broken clouds
12/05/2026 15:00,London,15.74,46,1013,6.17,overcast clouds
12/05/2026 15:00,Hamburg,10.38,74,1007,8.75,broken clouds
12/05/2026 15:05,London,15.76,47,1013,6.17,overcast clouds
12/05/2026 15:05,Hamburg,10.38,74,1007,8.75,broken clouds
12/05/2026 15:10,London,15.76,47,1013,6.17,overcast clouds
12/05/2026 15:10,Hamburg,10.38,72,1007,8.75,light rain
12/05/2026 15:15,London,15.68,48,1013,7.2,overcast clouds
12/05/2026 15:15,Hamburg,10.38,72,1007,8.75,light rain
12/05/2026 15:20,London,15.68,48,1013,7.2,overcast clouds
12/05/2026 15:20,Hamburg,10.39,71,1007,8.75,light rain
12/05/2026 15:25,London,15.86,47,1012,7.2,overcast clouds
12/05/2026 15:25,Hamburg,10.39,71,1007,8.75,light rain
12/05/2026 15:30,London,15.99,47,1012,7.2,overcast clouds
12/05/2026 15:31,Hamburg,10.39,71,1007,8.75,light rain
12/05/2026 15:36,London,15.99,47,1012,7.2,overcast clouds
12/05/2026 15:36,Hamburg,10.05,72,1007,7.6,scattered clouds
12/05/2026 15:41,London,15.88,47,1013,7.2,overcast clouds
12/05/2026 15:41,Hamburg,10.05,72,1007,7.6,scattered clouds
12/05/2026 15:46,London,15.88,47,1013,7.2,overcast clouds
12/05/2026 15:46,Hamburg,10.05,72,1007,7.6,scattered clouds
12/05/2026 18:12,London,15.1,56,1012,6.17,broken clouds
12/05/2026 18:12,Hamburg,9.81,68,1008,9.26,few clouds
12/05/2026 18:17,London,15.16,56,1011,6.69,broken clouds
12/05/2026 18:17,Hamburg,9.92,67,1007,7.72,few clouds
12/05/2026 18:22,London,15.16,56,1011,6.69,broken clouds
12/05/2026 18:22,Hamburg,9.92,67,1007,7.72,few clouds
12/05/2026 18:27,London,15.3,56,1011,6.69,broken clouds
12/05/2026 18:27,Hamburg,9.91,67,1008,7.72,few clouds
12/05/2026 18:32,London,15.41,55,1011,6.69,broken clouds
12/05/2026 18:32,Hamburg,9.91,67,1008,7.72,few clouds
12/05/2026 18:37,London,15.15,57,1012,6.69,broken clouds
12/05/2026 18:37,Hamburg,9.91,67,1008,7.72,few clouds
12/05/2026 18:42,London,15.15,57,1012,6.69,broken clouds
12/05/2026 18:42,Hamburg,9.91,65,1008,6.71,few clouds
12/05/2026 18:47,London,15.11,56,1012,6.69,broken clouds
12/05/2026 18:47,Hamburg,9.91,65,1008,6.71,few clouds
12/05/2026 18:52,London,15.11,56,1012,6.69,broken clouds
12/05/2026 18:52,Hamburg,9.87,66,1008,6.71,few clouds
12/05/2026 18:57,London,15.12,57,1012,6.69,broken clouds
12/05/2026 18:57,Hamburg,9.87,66,1008,6.71,few clouds
12/05/2026 19:02,London,15.19,56,1012,6.69,broken clouds
12/05/2026 19:02,Hamburg,9.87,65,1008,6.71,few clouds
12/05/2026 19:07,London,15.19,56,1012,6.69,broken clouds
12/05/2026 19:07,Hamburg,9.87,65,1008,6.71,few clouds
12/05/2026 19:12,London,15.09,56,1011,5.14,scattered clouds
12/05/2026 19:12,Hamburg,9.25,68,1008,7.72,scattered clouds
12/05/2026 19:17,London,15.09,56,1011,5.14,scattered clouds
12/05/2026 19:17,Hamburg,9.25,68,1008,7.72,scattered clouds
12/05/2026 19:22,London,15.03,56,1011,5.14,scattered clouds
12/05/2026 19:22,Hamburg,8.94,67,1007,7.72,scattered clouds
12/05/2026 19:27,London,15.07,58,1011,5.14,light rain
12/05/2026 19:27,Hamburg,8.89,67,1007,7.72,scattered clouds
12/05/2026 19:32,London,15.07,58,1011,5.14,light rain
12/05/2026 19:32,Hamburg,8.89,67,1007,7.72,scattered clouds
12/05/2026 19:37,London,14.69,61,1011,5.66,light rain
12/05/2026 19:37,Hamburg,8.89,65,1007,7.2,few clouds
12/05/2026 19:42,London,14.69,61,1011,5.66,light rain
12/05/2026 19:42,Hamburg,8.89,65,1007,7.2,few clouds
12/05/2026 19:47,London,14.55,63,1011,5.66,broken clouds
12/05/2026 19:47,Hamburg,8.9,64,1007,7.2,few clouds
12/05/2026 19:52,London,14.55,63,1011,5.66,broken clouds
12/05/2026 19:52,Hamburg,8.9,64,1007,7.2,few clouds
12/05/2026 19:57,London,14.87,61,1011,5.66,broken clouds
12/05/2026 19:57,Hamburg,8.9,64,1007,7.2,few clouds
12/05/2026 20:02,London,14.87,61,1011,5.66,broken clouds
12/05/2026 20:02,Hamburg,8.9,64,1007,7.2,few clouds
12/05/2026 20:07,London,14.49,64,1010,1.79,broken clouds
12/05/2026 20:07,Hamburg,8.9,64,1007,7.2,few clouds
12/05/2026 20:12,London,14.4,64,1010,0.89,broken clouds
12/05/2026 20:12,Hamburg,7.89,70,1007,5.14,few clouds
12/05/2026 20:17,London,14.4,64,1010,0.89,broken clouds
12/05/2026 20:17,Hamburg,7.89,70,1007,5.14,few clouds
12/05/2026 20:22,London,14.04,64,1011,4.12,broken clouds
12/05/2026 20:22,Hamburg,7.89,70,1007,5.14,few clouds
12/05/2026 21:45,London,13.16,61,1011,5.14,few clouds
12/05/2026 21:45,Hamburg,7.88,70,1007,3.6,clear sky
12/05/2026 21:50,London,13.13,62,1011,5.14,few clouds
12/05/2026 21:50,Hamburg,7.88,70,1007,3.6,clear sky
12/05/2026 21:55,London,13.13,62,1011,5.14,few clouds
12/05/2026 21:55,Hamburg,7.88,70,1007,3.6,light rain
12/05/2026 22:00,London,12.92,59,1011,5.14,few clouds
12/05/2026 22:00,Hamburg,7.88,70,1007,3.6,light rain
12/05/2026 22:05,London,12.92,59,1011,5.14,few clouds
12/05/2026 22:05,Hamburg,7.88,70,1007,3.6,clear sky
12/05/2026 22:10,London,12.75,58,1010,4.12,few clouds
12/05/2026 22:10,Hamburg,7.88,70,1007,3.6,clear sky
12/05/2026 22:15,London,12.75,58,1010,4.12,few clouds
12/05/2026 22:15,Hamburg,7.39,73,1007,3.09,clear sky
12/05/2026 22:20,London,12.58,60,1010,0.89,few clouds
12/05/2026 22:20,Hamburg,7.39,73,1007,3.09,clear sky
12/05/2026 22:25,London,12.58,60,1010,0.89,few clouds
12/05/2026 22:25,Hamburg,7.1,75,1007,3.09,clear sky
12/05/2026 22:30,London,12.47,60,1011,1.34,few clouds
12/05/2026 22:30,Hamburg,7.1,75,1007,3.09,clear sky
12/05/2026 22:35,London,12.47,60,1011,1.34,few clouds
12/05/2026 22:35,Hamburg,7.1,75,1007,3.09,clear sky
12/05/2026 22:40,London,12.04,60,1011,3.09,scattered clouds
12/05/2026 22:40,Hamburg,7.1,75,1007,2.06,broken clouds
12/05/2026 22:45,London,12.04,60,1011,3.09,scattered clouds
12/05/2026 22:45,Hamburg,7.1,75,1007,2.06,broken clouds
12/05/2026 22:50,London,11.95,60,1011,3.09,scattered clouds
12/05/2026 22:50,Hamburg,7.1,75,1007,2.06,broken clouds
12/05/2026 22:55,London,11.95,60,1011,3.09,scattered clouds
12/05/2026 22:55,Hamburg,7.1,75,1007,2.06,broken clouds
12/05/2026 23:00,London,11.94,60,1011,3.09,scattered clouds
12/05/2026 23:00,Hamburg,7.1,75,1007,2.06,broken clouds
12/05/2026 23:05,London,11.94,60,1011,3.09,scattered clouds
12/05/2026 23:05,Hamburg,7.1,75,1007,2.06,broken clouds
12/05/2026 23:10,London,11.83,60,1010,0.89,scattered clouds
12/05/2026 23:10,Hamburg,7.1,75,1007,2.06,broken clouds
12/05/2026 23:15,London,11.83,60,1010,0.89,scattered clouds
12/05/2026 23:15,Hamburg,7.1,76,1007,2.06,few clouds
12/05/2026 23:20,London,11.65,60,1010,0.89,scattered clouds
12/05/2026 23:20,Hamburg,7.1,76,1007,2.06,few clouds
12/05/2026 23:22,London,11.65,60,1010,0.89,scattered clouds
12/05/2026 23:22,Hamburg,7.1,76,1007,2.06,few clouds
12/05/2026 23:25,London,11.65,60,1010,0.89,scattered clouds
12/05/2026 23:25,Hamburg,7.1,77,1006,2.06,few clouds
12/05/2026 23:30,London,11.66,60,1010,0.89,scattered clouds
12/05/2026 23:30,Hamburg,7.1,77,1006,2.06,few clouds
12/05/2026 23:35,London,11.66,60,1010,0.89,scattered clouds
12/05/2026 23:35,Hamburg,7.1,77,1006,2.06,few clouds
12/05/2026 23:40,London,11.35,61,1011,0.89,broken clouds
12/05/2026 23:40,Hamburg,7.1,77,1006,2.06,few clouds
12/05/2026 23:45,London,11.35,61,1011,0.89,broken clouds
12/05/2026 23:45,Hamburg,6.82,78,1006,2.06,broken clouds
12/05/2026 23:50,London,11.17,62,1011,0.89,broken clouds
12/05/2026 23:50,Hamburg,6.82,78,1006,2.06,broken clouds
12/05/2026 23:55,London,11.17,62,1011,0.89,broken clouds
12/05/2026 23:55,Hamburg,6.82,78,1006,2.06,broken clouds
13/05/2026 00:00,London,11.18,62,1011,0.89,broken clouds
13/05/2026 00:00,Hamburg,6.82,78,1006,2.06,light rain
13/05/2026 00:05,London,10.76,62,1011,2.57,broken clouds
13/05/2026 00:05,Hamburg,6.82,78,1006,2.06,light rain
13/05/2026 08:15,London,9.68,76,1004,3.58,scattered clouds
13/05/2026 08:15,Hamburg,7.44,90,1000,5.14,broken clouds
13/05/2026 08:20,London,9.68,76,1004,3.58,scattered clouds
13/05/2026 08:20,Hamburg,7.44,90,1000,5.14,broken clouds
13/05/2026 08:25,London,9.77,75,1004,3.13,scattered clouds
13/05/2026 08:25,Hamburg,7.88,88,1000,5.14,broken clouds
13/05/2026 08:30,London,9.77,75,1004,3.13,scattered clouds
13/05/2026 08:30,Hamburg,7.88,88,1000,5.14,broken clouds
13/05/2026 08:35,London,9.84,74,1005,2.68,overcast clouds
13/05/2026 08:35,Hamburg,7.93,88,1001,6.17,broken clouds
13/05/2026 08:40,London,9.84,74,1005,2.68,overcast clouds
13/05/2026 08:40,Hamburg,7.93,88,1001,6.17,broken clouds
13/05/2026 08:45,London,10.01,73,1005,6.17,few clouds
13/05/2026 08:45,Hamburg,7.93,88,1001,6.17,broken clouds
13/05/2026 08:50,London,10.01,73,1005,6.17,few clouds
13/05/2026 08:50,Hamburg,7.93,88,1001,6.17,broken clouds
13/05/2026 08:55,London,9.98,73,1005,6.17,few clouds
13/05/2026 08:55,Hamburg,7.93,88,1001,6.17,broken clouds
13/05/2026 09:00,London,9.98,73,1005,6.17,few clouds
13/05/2026 09:00,Hamburg,7.99,88,1001,6.17,broken clouds
13/05/2026 09:05,London,10.29,71,1005,6.17,few clouds
13/05/2026 09:05,Hamburg,7.99,88,1001,6.17,broken clouds
13/05/2026 09:10,London,10.29,71,1005,6.17,few clouds
13/05/2026 09:10,Hamburg,8.89,85,1001,6.69,broken clouds
13/05/2026 09:15,London,10.32,71,1005,5.66,few clouds
13/05/2026 09:15,Hamburg,8.89,85,1001,6.69,broken clouds
13/05/2026 09:20,London,10.32,71,1005,5.66,few clouds
13/05/2026 09:20,Hamburg,8.89,85,1001,6.69,broken clouds
13/05/2026 09:26,London,10.43,70,1003,5.66,few clouds
13/05/2026 09:26,Hamburg,8.89,85,1001,6.69,broken clouds
13/05/2026 09:31,London,10.43,70,1003,5.66,few clouds
13/05/2026 09:31,Hamburg,8.95,85,1000,6.69,broken clouds
13/05/2026 09:36,London,10.69,66,1004,5.66,few clouds
13/05/2026 09:36,Hamburg,8.95,85,1000,6.69,broken clouds
13/05/2026 09:41,London,10.69,66,1004,5.66,few clouds
13/05/2026 09:41,Hamburg,9.89,77,1000,5.66,scattered clouds
13/05/2026 09:46,London,10.91,66,1004,5.66,broken clouds
13/05/2026 09:46,Hamburg,9.89,77,1000,5.66,scattered clouds
13/05/2026 09:51,London,10.91,66,1004,5.66,broken clouds
13/05/2026 09:51,Hamburg,9.89,77,1000,5.66,scattered clouds
13/05/2026 09:56,London,10.85,65,1004,5.66,broken clouds
13/05/2026 09:56,Hamburg,9.89,77,1000,5.66,scattered clouds
13/05/2026 10:01,London,10.85,65,1004,5.66,broken clouds
13/05/2026 10:01,Hamburg,9.96,77,1000,5.66,scattered clouds
13/05/2026 10:06,London,10.86,66,1004,5.66,broken clouds
13/05/2026 10:06,Hamburg,9.96,77,1000,5.66,scattered clouds
13/05/2026 10:11,London,10.86,66,1004,5.66,broken clouds
13/05/2026 10:11,Hamburg,9.9,77,1000,6.69,broken clouds
13/05/2026 10:16,London,11.66,62,1003,7.72,broken clouds
13/05/2026 10:16,Hamburg,9.9,77,1000,6.69,broken clouds
13/05/2026 10:21,London,11.66,62,1003,7.72,broken clouds
13/05/2026 10:21,Hamburg,9.94,78,1000,6.69,broken clouds
13/05/2026 10:26,London,11.66,62,1003,7.72,broken clouds
13/05/2026 10:26,Hamburg,9.94,78,1000,6.69,broken clouds
13/05/2026 10:31,London,11.66,62,1003,7.72,broken clouds
13/05/2026 10:31,Hamburg,9.94,78,1000,6.69,broken clouds
13/05/2026 10:36,London,11.81,58,1003,7.72,broken clouds
13/05/2026 10:36,Hamburg,9.94,78,1000,6.69,broken clouds
13/05/2026 10:41,London,11.81,58,1003,7.72,broken clouds
13/05/2026 10:41,Hamburg,10.61,71,1000,6.69,scattered clouds
13/05/2026 10:46,London,12.06,62,1003,5.66,broken clouds
13/05/2026 10:46,Hamburg,10.57,72,1000,6.69,scattered clouds
13/05/2026 10:48,London,12.06,62,1003,5.66,broken clouds
13/05/2026 10:48,Hamburg,10.57,72,1000,6.69,scattered clouds
13/05/2026 10:53,London,12.06,62,1003,5.66,broken clouds
13/05/2026 10:53,Hamburg,10.57,72,1000,6.69,scattered clouds
13/05/2026 10:58,London,12.11,62,1003,5.66,broken clouds
13/05/2026 10:58,Hamburg,10.52,72,1000,6.69,scattered clouds
13/05/2026 11:03,London,12.11,62,1003,5.66,broken clouds
13/05/2026 11:03,Hamburg,10.52,72,1000,6.69,scattered clouds
13/05/2026 11:08,London,12.15,64,1003,5.66,broken clouds
13/05/2026 11:08,Hamburg,11.22,69,1000,6.69,scattered clouds
13/05/2026 11:13,London,12.15,64,1003,5.66,broken clouds
13/05/2026 11:13,Hamburg,11.22,69,1000,6.69,scattered clouds
13/05/2026 12:05,London,9.4,73,1003,4.47,moderate rain
13/05/2026 12:05,Hamburg,11.89,64,1000,6.69,light rain
13/05/2026 12:29,London,9.43,79,1002,6.69,broken clouds
13/05/2026 12:29,Hamburg,10.07,66,999,7.2,scattered clouds
13/05/2026 12:34,London,9.43,79,1002,6.69,broken clouds
13/05/2026 12:34,Hamburg,10.11,66,999,7.2,scattered clouds
13/05/2026 12:39,London,9.87,80,1002,6.69,broken clouds
13/05/2026 12:39,Hamburg,10.11,66,999,7.2,scattered clouds
13/05/2026 12:44,London,9.87,80,1002,6.69,broken clouds
13/05/2026 12:44,Hamburg,10.75,66,1000,6.17,few clouds
13/05/2026 12:49,London,10.58,77,1002,7.2,overcast clouds
13/05/2026 12:49,Hamburg,10.75,66,1000,6.17,few clouds
13/05/2026 12:54,London,10.58,77,1002,7.2,overcast clouds
13/05/2026 12:54,Hamburg,10.69,66,999,6.17,few clouds
13/05/2026 12:59,London,11.28,74,1002,2.24,overcast clouds
13/05/2026 12:59,Hamburg,10.58,66,999,6.17,few clouds
13/05/2026 13:04,London,11.87,72,1002,3.58,overcast clouds
13/05/2026 13:04,Hamburg,10.58,66,999,6.17,few clouds
13/05/2026 13:09,London,11.87,72,1002,3.58,overcast clouds
13/05/2026 13:09,Hamburg,11.88,64,999,5.66,few clouds
13/05/2026 13:14,London,12.06,69,1001,7.72,light rain
13/05/2026 13:14,Hamburg,11.88,64,999,5.66,few clouds
13/05/2026 13:19,London,12.06,69,1001,7.72,light rain
13/05/2026 13:19,Hamburg,11.82,67,999,5.66,few clouds
13/05/2026 13:24,London,11.84,68,1001,7.72,overcast clouds
13/05/2026 13:24,Hamburg,11.82,67,999,5.66,few clouds
13/05/2026 13:29,London,11.78,68,1001,7.72,overcast clouds
13/05/2026 13:29,Hamburg,11.9,67,999,5.66,few clouds
13/05/2026 13:34,London,11.78,68,1001,7.72,overcast clouds
13/05/2026 13:34,Hamburg,11.9,67,999,5.66,few clouds
13/05/2026 13:39,London,11.71,71,1002,6.69,broken clouds
13/05/2026 13:39,Hamburg,12.85,58,999,6.69,scattered clouds
13/05/2026 13:44,London,11.71,71,1002,6.69,broken clouds
13/05/2026 13:44,Hamburg,12.85,58,999,6.69,scattered clouds
13/05/2026 13:49,London,11.47,73,1002,6.69,broken clouds
13/05/2026 13:50,Hamburg,12.85,58,999,6.69,light rain
13/05/2026 13:55,London,11.47,73,1002,6.69,broken clouds
13/05/2026 13:55,Hamburg,12.85,58,999,6.69,light rain
13/05/2026 14:00,London,11.58,72,1002,6.69,broken clouds
13/05/2026 14:00,Hamburg,13.97,56,999,6.69,scattered clouds
13/05/2026 14:05,London,11.58,72,1002,6.69,broken clouds
13/05/2026 14:05,Hamburg,13.97,56,999,6.69,scattered clouds
13/05/2026 14:10,London,11.94,71,1001,7.72,broken clouds
13/05/2026 14:10,Hamburg,13.05,53,999,6.69,scattered clouds
13/05/2026 19:10,London,9.82,75,1001,1.34,overcast clouds
13/05/2026 19:10,Hamburg,11.13,60,998,4.02,clear sky
13/05/2026 19:15,London,9.82,75,1001,1.34,overcast clouds
13/05/2026 19:15,Hamburg,11.13,60,998,4.02,clear sky
13/05/2026 19:20,London,9.57,77,1001,6.17,few clouds
13/05/2026 19:20,Hamburg,10.77,62,998,3.6,clear sky
13/05/2026 19:25,London,9.57,77,1001,6.17,few clouds
13/05/2026 19:25,Hamburg,10.77,62,998,3.6,clear sky
13/05/2026 19:30,London,9.57,77,1001,6.17,light rain
13/05/2026 19:30,Hamburg,10.77,62,998,3.6,clear sky
13/05/2026 19:35,London,9.57,77,1001,6.17,few clouds
13/05/2026 19:35,Hamburg,10.77,63,998,3.13,few clouds
13/05/2026 19:40,London,9.81,77,1001,4.12,scattered clouds
13/05/2026 19:40,Hamburg,10.77,63,998,3.13,few clouds
13/05/2026 19:45,London,9.81,77,1001,4.12,scattered clouds
13/05/2026 19:45,Hamburg,10.76,63,998,3.13,few clouds
13/05/2026 19:50,London,9.76,77,1001,4.12,light rain
13/05/2026 19:50,Hamburg,10.76,63,998,3.13,few clouds
13/05/2026 19:55,London,9.76,77,1001,4.12,light rain
13/05/2026 19:55,Hamburg,10.77,63,998,3.13,few clouds
13/05/2026 20:00,London,9.61,78,1001,4.12,light rain
13/05/2026 20:00,Hamburg,10.77,63,998,3.13,few clouds
13/05/2026 20:05,London,9.61,78,1001,4.12,light rain
13/05/2026 20:05,Hamburg,10.77,63,998,3.13,few clouds
13/05/2026 20:10,London,9.71,77,1001,5.66,light rain
13/05/2026 20:10,Hamburg,10.47,67,998,3.13,few clouds
13/05/2026 20:15,London,9.71,77,1001,5.66,light rain
13/05/2026 20:15,Hamburg,10.47,67,998,3.13,few clouds
13/05/2026 20:20,London,9.67,77,1001,5.66,broken clouds
13/05/2026 20:20,Hamburg,10.47,69,998,2.06,few clouds
13/05/2026 20:25,London,9.67,77,1001,5.66,broken clouds
13/05/2026 20:25,Hamburg,10.47,69,998,2.06,few clouds
13/05/2026 20:30,London,9.22,80,1001,5.66,light rain
13/05/2026 20:30,Hamburg,10.47,69,998,2.06,few clouds
13/05/2026 20:35,London,9.22,80,1001,5.66,light rain
13/05/2026 20:35,Hamburg,10.47,69,998,2.06,few clouds
13/05/2026 20:40,London,9.08,80,1001,5.14,broken clouds
13/05/2026 20:40,Hamburg,10.17,70,998,2.06,broken clouds
13/05/2026 20:45,London,9.08,80,1001,5.14,broken clouds
13/05/2026 20:45,Hamburg,10.17,70,998,2.06,broken clouds
13/05/2026 20:50,London,8.94,80,1001,5.14,broken clouds
13/05/2026 20:50,Hamburg,10.17,70,998,2.06,moderate rain
13/05/2026 20:55,London,8.94,80,1001,5.14,broken clouds
13/05/2026 20:55,Hamburg,10.17,70,998,2.06,moderate rain
13/05/2026 21:00,London,8.92,79,1001,5.14,broken clouds
13/05/2026 21:00,Hamburg,10.17,70,998,2.06,moderate rain
13/05/2026 21:05,London,8.92,79,1001,5.14,broken clouds
13/05/2026 21:05,Hamburg,10.17,70,998,2.06,moderate rain
13/05/2026 21:10,London,8.97,79,1001,4.63,overcast clouds
13/05/2026 21:10,Hamburg,9.51,76,998,4.63,light intensity shower rain
13/05/2026 21:15,London,8.97,79,1001,4.63,overcast clouds
13/05/2026 21:15,Hamburg,9.51,76,998,4.63,light intensity shower rain
13/05/2026 21:20,London,8.93,80,1001,4.63,overcast clouds
13/05/2026 21:20,Hamburg,9.32,77,997,4.63,light intensity shower rain
13/05/2026 21:26,London,8.93,80,1001,4.63,overcast clouds
13/05/2026 21:26,Hamburg,9.32,77,997,4.63,light intensity shower rain
13/05/2026 21:31,London,8.45,81,1001,1.34,overcast clouds
13/05/2026 21:31,Hamburg,9.32,77,997,4.63,light intensity shower rain
13/05/2026 21:36,London,8.45,81,1001,1.34,overcast clouds
13/05/2026 21:36,Hamburg,9.32,77,997,4.63,light intensity shower rain
13/05/2026 21:41,London,8.19,83,1001,0.89,broken clouds
13/05/2026 21:41,Hamburg,9.4,76,997,4.12,light intensity shower rain
13/05/2026 21:46,London,8.19,83,1001,0.89,broken clouds
13/05/2026 21:46,Hamburg,9.4,76,997,4.12,light intensity shower rain
13/05/2026 21:51,London,8.2,83,1001,0.45,broken clouds
13/05/2026 21:51,Hamburg,9.39,76,997,4.12,light intensity shower rain
13/05/2026 21:56,London,8.2,83,1001,0.45,broken clouds
13/05/2026 21:56,Hamburg,9.39,76,997,4.12,light intensity shower rain
13/05/2026 22:01,London,8.2,83,1001,0.45,broken clouds
13/05/2026 22:01,Hamburg,9.18,79,997,4.12,light intensity shower rain
13/05/2026 22:06,London,8.2,83,1001,0.45,broken clouds
13/05/2026 22:06,Hamburg,9.18,79,997,4.12,light intensity shower rain
13/05/2026 22:11,London,8.24,82,1001,4.63,broken clouds
13/05/2026 22:11,Hamburg,8.21,84,997,3.13,shower rain
13/05/2026 22:16,London,8.24,82,1001,4.63,broken clouds
13/05/2026 22:16,Hamburg,8.21,84,997,3.13,shower rain
13/05/2026 22:21,London,8.08,83,1001,4.63,broken clouds
13/05/2026 22:21,Hamburg,7.43,88,997,2.57,shower rain
13/05/2026 22:26,London,8.08,83,1001,4.63,broken clouds
13/05/2026 22:26,Hamburg,7.43,88,997,2.57,shower rain
13/05/2026 22:31,London,8.05,83,1001,4.63,broken clouds
13/05/2026 22:31,Hamburg,7.43,88,997,2.57,few clouds
13/05/2026 22:36,London,8.08,83,1002,4.63,broken clouds
13/05/2026 22:36,Hamburg,7.43,88,997,2.57,few clouds
13/05/2026 22:41,London,8.08,83,1002,4.63,broken clouds
13/05/2026 22:41,Hamburg,7.83,86,997,2.06,few clouds
13/05/2026 22:46,London,7.99,84,1002,3.6,broken clouds
13/05/2026 22:46,Hamburg,7.83,86,997,2.06,few clouds
13/05/2026 22:51,London,7.99,84,1002,3.6,broken clouds
13/05/2026 22:51,Hamburg,7.83,86,997,2.06,few clouds
13/05/2026 22:56,London,8.04,84,1002,3.6,broken clouds
13/05/2026 22:56,Hamburg,7.83,86,997,2.06,few clouds
13/05/2026 23:01,London,8.04,84,1002,3.6,broken clouds
13/05/2026 23:01,Hamburg,7.83,86,997,2.06,few clouds
13/05/2026 23:06,London,8.06,84,1002,3.6,light rain
13/05/2026 23:06,Hamburg,7.43,88,997,2.06,scattered clouds
13/05/2026 23:11,London,8.06,84,1002,3.6,light rain
13/05/2026 23:11,Hamburg,7.43,88,997,2.06,scattered clouds
13/05/2026 23:16,London,8.21,83,1001,3.09,broken clouds
13/05/2026 23:16,Hamburg,7.43,88,997,2.06,scattered clouds
13/05/2026 23:21,London,8.21,83,1001,3.09,broken clouds
13/05/2026 23:21,Hamburg,7.43,88,997,2.06,scattered clouds
13/05/2026 23:26,London,8.17,83,1002,3.09,broken clouds
13/05/2026 23:26,Hamburg,7.42,88,997,2.06,scattered clouds
13/05/2026 23:31,London,8.17,83,1002,3.09,broken clouds
13/05/2026 23:31,Hamburg,7.42,88,997,2.06,scattered clouds
13/05/2026 23:36,London,8.22,82,1002,4.12,broken clouds
13/05/2026 23:36,Hamburg,7.43,88,997,2.06,scattered clouds
13/05/2026 23:41,London,8.22,82,1002,4.12,broken clouds
13/05/2026 23:41,Hamburg,7.43,88,997,2.06,scattered clouds
13/05/2026 23:46,London,8.17,83,1002,4.12,broken clouds
13/05/2026 23:46,Hamburg,7.42,88,997,2.06,broken clouds
13/05/2026 23:51,London,8.17,83,1002,4.12,broken clouds
13/05/2026 23:51,Hamburg,7.42,88,997,2.06,broken clouds
13/05/2026 23:56,London,8,82,1002,4.12,broken clouds
13/05/2026 23:56,Hamburg,7.42,88,997,2.06,broken clouds
14/05/2026 00:01,London,8,82,1002,4.12,broken clouds
14/05/2026 00:01,Hamburg,7.42,88,997,2.06,broken clouds
14/05/2026 00:06,London,7.89,82,1002,4.12,broken clouds
14/05/2026 00:06,Hamburg,7.42,91,997,1.54,broken clouds
14/05/2026 00:11,London,7.89,82,1002,4.12,broken clouds
14/05/2026 00:11,Hamburg,7.42,91,997,1.54,broken clouds
14/05/2026 00:16,London,7.88,82,1001,4.12,broken clouds
14/05/2026 00:16,Hamburg,7.42,91,997,1.54,broken clouds
14/05/2026 00:21,London,7.88,82,1001,4.12,broken clouds
14/05/2026 00:21,Hamburg,7.42,91,997,1.54,broken clouds
14/05/2026 00:26,London,7.8,82,1001,4.12,broken clouds
14/05/2026 00:26,Hamburg,7.42,91,997,1.54,broken clouds
14/05/2026 00:31,London,7.8,82,1001,4.12,broken clouds
14/05/2026 00:31,Hamburg,7.42,91,997,1.54,broken clouds
14/05/2026 00:36,London,7.57,83,1002,2.24,scattered clouds
14/05/2026 00:36,Hamburg,7.42,91,997,1.54,broken clouds
14/05/2026 00:41,London,7.57,83,1002,2.24,scattered clouds
14/05/2026 00:41,Hamburg,6.93,91,997,2.06,few clouds
14/05/2026 00:46,London,7.51,83,1002,1.79,scattered clouds
14/05/2026 00:46,Hamburg,6.93,91,997,2.06,few clouds
14/05/2026 00:51,London,7.51,83,1002,1.79,scattered clouds
14/05/2026 00:51,Hamburg,6.93,91,997,2.06,few clouds
14/05/2026 00:56,London,7.38,83,1002,0.89,scattered clouds
14/05/2026 00:56,Hamburg,6.93,91,997,2.06,few clouds
14/05/2026 01:01,London,7.38,83,1002,0.89,scattered clouds
14/05/2026 01:01,Hamburg,6.87,91,997,2.06,few clouds
14/05/2026 01:06,London,7.27,84,1001,1.34,scattered clouds
14/05/2026 01:06,Hamburg,6.87,91,997,2.06,few clouds
14/05/2026 01:11,London,7.27,84,1001,1.34,scattered clouds
14/05/2026 01:11,Hamburg,6.87,94,997,1.54,few clouds
14/05/2026 01:16,London,7.32,83,1001,1.34,scattered clouds
14/05/2026 01:16,Hamburg,6.87,94,997,1.54,few clouds
14/05/2026 01:21,London,7.32,83,1001,1.34,scattered clouds
14/05/2026 01:21,Hamburg,6.78,94,996,1.54,few clouds
14/05/2026 01:26,London,7.32,84,1001,1.34,scattered clouds
14/05/2026 01:26,Hamburg,6.78,94,996,1.54,few clouds
14/05/2026 01:31,London,7.32,84,1001,1.79,scattered clouds
14/05/2026 01:31,Hamburg,6.78,94,996,1.54,few clouds
14/05/2026 01:36,London,7.32,84,1001,1.79,scattered clouds
14/05/2026 01:36,Hamburg,6.78,94,996,1.54,few clouds
14/05/2026 01:41,London,7.26,84,1001,4.63,broken clouds
14/05/2026 01:41,Hamburg,6.78,94,996,1.54,few clouds
14/05/2026 01:46,London,7.26,84,1001,4.63,broken clouds
14/05/2026 01:46,Hamburg,6.78,94,996,1.54,broken clouds
14/05/2026 01:51,London,7.22,84,1001,4.63,broken clouds
14/05/2026 01:51,Hamburg,6.78,94,996,1.54,broken clouds
14/05/2026 01:56,London,7.22,84,1001,4.63,broken clouds
14/05/2026 01:56,Hamburg,6.78,94,996,1.54,broken clouds
14/05/2026 02:01,London,7.22,84,1001,4.63,broken clouds
14/05/2026 02:01,Hamburg,6.78,94,996,1.54,broken clouds
14/05/2026 02:06,London,7.22,84,1001,4.63,broken clouds
14/05/2026 02:06,Hamburg,6.78,94,996,1.54,broken clouds
14/05/2026 02:11,London,7.17,85,1001,1.34,broken clouds
14/05/2026 02:11,Hamburg,6.78,94,996,1.54,broken clouds
14/05/2026 02:16,London,7.17,85,1001,1.34,broken clouds
14/05/2026 02:16,Hamburg,5.57,94,996,1.54,broken clouds
14/05/2026 02:21,London,7.25,85,1001,1.79,broken clouds
14/05/2026 02:21,Hamburg,5.57,94,996,1.54,broken clouds
14/05/2026 02:26,London,7.25,85,1001,1.79,broken clouds
14/05/2026 02:26,Hamburg,5.57,94,996,1.54,broken clouds
14/05/2026 02:31,London,7.23,85,1001,1.79,broken clouds
14/05/2026 02:31,Hamburg,5.57,94,996,1.54,broken clouds
14/05/2026 02:36,London,7.23,85,1001,1.79,broken clouds
14/05/2026 02:36,Hamburg,5.57,94,996,1.54,broken clouds
14/05/2026 02:41,London,7.37,85,1001,4.63,overcast clouds
14/05/2026 02:41,Hamburg,5.57,94,996,1.54,few clouds
14/05/2026 02:46,London,7.37,85,1001,4.63,overcast clouds
14/05/2026 02:46,Hamburg,5.57,94,996,1.54,few clouds
14/05/2026 02:51,London,7.37,85,1001,4.63,overcast clouds
14/05/2026 02:51,Hamburg,5.57,94,996,1.54,few clouds
14/05/2026 02:56,London,7.37,85,1001,4.63,overcast clouds
14/05/2026 02:56,Hamburg,5.57,94,996,1.54,few clouds
14/05/2026 03:01,London,7.31,84,1001,4.63,overcast clouds
14/05/2026 03:01,Hamburg,5.57,94,996,1.54,few clouds
14/05/2026 03:06,London,7.31,84,1001,4.63,overcast clouds
14/05/2026 03:06,Hamburg,5.57,94,996,1.54,few clouds
14/05/2026 03:11,London,7.25,84,1001,4.63,few clouds
14/05/2026 03:11,Hamburg,5.29,98,996,1.54,clear sky
14/05/2026 03:16,London,7.25,84,1001,4.63,few clouds
14/05/2026 03:16,Hamburg,5.29,98,996,1.54,clear sky
14/05/2026 03:21,London,7.35,85,1001,4.63,few clouds
14/05/2026 03:21,Hamburg,5.46,99,996,1.54,clear sky
14/05/2026 03:26,London,7.35,85,1001,4.63,few clouds
14/05/2026 03:26,Hamburg,5.46,99,996,1.54,clear sky
14/05/2026 03:31,London,7.35,85,1001,4.63,few clouds
14/05/2026 03:31,Hamburg,5.46,99,996,1.54,clear sky
14/05/2026 03:36,London,7.28,85,1001,2.68,broken clouds
14/05/2026 03:36,Hamburg,5.46,99,996,1.54,clear sky
14/05/2026 03:41,London,7.28,85,1001,2.68,broken clouds
14/05/2026 03:41,Hamburg,5.46,99,996,1.54,clear sky
14/05/2026 03:46,London,7.13,85,1001,1.79,broken clouds
14/05/2026 03:47,Hamburg,5.87,94,996,1.54,broken clouds
14/05/2026 03:52,London,7.13,85,1001,1.79,broken clouds
14/05/2026 03:52,Hamburg,5.87,94,996,1.54,broken clouds
14/05/2026 03:57,London,7.13,85,1001,1.34,broken clouds
14/05/2026 03:57,Hamburg,5.87,94,996,1.54,broken clouds
14/05/2026 04:02,London,7.13,85,1001,1.34,broken clouds
14/05/2026 04:02,Hamburg,5.87,94,996,1.54,broken clouds
14/05/2026 04:07,London,7.13,85,1001,1.34,broken clouds
14/05/2026 04:07,Hamburg,6.82,94,995,2.06,overcast clouds
14/05/2026 04:12,London,7.17,85,1001,1.34,broken clouds
14/05/2026 04:12,Hamburg,6.82,94,995,2.06,overcast clouds
14/05/2026 04:17,London,7.17,85,1001,1.34,broken clouds
14/05/2026 04:17,Hamburg,4.88,98,995,2.06,broken clouds
14/05/2026 04:22,London,7.17,86,1001,1.34,broken clouds
14/05/2026 04:22,Hamburg,4.88,98,995,2.06,broken clouds
14/05/2026 04:27,London,7.17,86,1001,1.34,broken clouds
14/05/2026 04:27,Hamburg,4.89,98,995,2.06,broken clouds
14/05/2026 04:32,London,7.15,86,1001,1.34,broken clouds
14/05/2026 04:32,Hamburg,4.89,98,995,2.06,broken clouds
14/05/2026 04:37,London,7.15,86,1001,1.34,broken clouds
14/05/2026 04:37,Hamburg,4.89,98,995,2.06,broken clouds
14/05/2026 04:42,London,7.16,85,1001,4.12,broken clouds
14/05/2026 04:42,Hamburg,4.89,95,996,0.89,broken clouds
14/05/2026 04:47,London,7.16,85,1001,4.12,broken clouds
14/05/2026 04:47,Hamburg,4.89,95,996,0.89,broken clouds
14/05/2026 04:52,London,7.16,86,1001,4.12,broken clouds
14/05/2026 04:52,Hamburg,4.88,95,996,0.89,broken clouds
14/05/2026 04:57,London,7.16,86,1001,4.12,broken clouds
14/05/2026 04:57,Hamburg,4.88,95,996,0.89,broken clouds
14/05/2026 05:02,London,7.16,85,1001,4.12,broken clouds
14/05/2026 05:02,Hamburg,4.88,95,996,0.89,broken clouds
14/05/2026 05:07,London,7.16,85,1001,4.12,broken clouds
14/05/2026 05:07,Hamburg,4.88,95,996,0.89,broken clouds
14/05/2026 05:12,London,7.3,85,1001,3.09,broken clouds
14/05/2026 05:12,Hamburg,4.88,95,996,0.89,broken clouds
14/05/2026 05:17,London,7.3,85,1001,3.09,broken clouds
14/05/2026 05:17,Hamburg,4.88,98,995,0.51,broken clouds
14/05/2026 05:22,London,7.27,86,1001,3.09,broken clouds
14/05/2026 05:22,Hamburg,4.88,98,995,0.51,broken clouds
14/05/2026 05:27,London,7.27,86,1001,3.09,broken clouds
14/05/2026 05:27,Hamburg,4.88,98,995,0.51,broken clouds
14/05/2026 05:32,London,7.28,86,1001,3.09,broken clouds
14/05/2026 05:32,Hamburg,4.88,98,996,0.51,broken clouds
14/05/2026 05:37,London,7.28,86,1001,3.09,broken clouds
14/05/2026 05:37,Hamburg,4.88,98,996,0.51,broken clouds
14/05/2026 05:42,London,7.28,86,1001,3.6,broken clouds
14/05/2026 05:42,Hamburg,4.6,98,996,0.51,few clouds
14/05/2026 05:47,London,7.28,86,1001,3.6,broken clouds
14/05/2026 05:47,Hamburg,4.6,98,996,0.51,few clouds
14/05/2026 05:52,London,7.18,86,1001,3.6,broken clouds
14/05/2026 05:52,Hamburg,4.6,98,996,0.51,few clouds
14/05/2026 05:57,London,7.18,86,1001,3.6,broken clouds
14/05/2026 05:57,Hamburg,4.6,98,996,0.51,few clouds
14/05/2026 06:02,London,7.18,86,1001,3.6,broken clouds
14/05/2026 06:02,Hamburg,4.6,98,996,0.51,few clouds
14/05/2026 06:07,London,7.14,86,1001,3.6,broken clouds
14/05/2026 06:07,Hamburg,4.88,94,995,1.03,scattered clouds
14/05/2026 06:12,London,7.14,86,1001,3.6,broken clouds
14/05/2026 06:12,Hamburg,4.88,94,995,1.03,scattered clouds
14/05/2026 06:17,London,7.05,86,1001,3.6,broken clouds
14/05/2026 06:17,Hamburg,4.88,94,995,1.03,scattered clouds
14/05/2026 06:22,London,7.05,86,1001,3.6,broken clouds
14/05/2026 06:22,Hamburg,4.88,94,995,1.03,scattered clouds
14/05/2026 06:27,London,6.98,86,1001,1.34,broken clouds
14/05/2026 06:27,Hamburg,4.88,94,995,1.03,scattered clouds
14/05/2026 06:32,London,6.98,86,1001,1.34,broken clouds
14/05/2026 06:32,Hamburg,4.88,94,995,1.03,scattered clouds
14/05/2026 06:37,London,6.98,86,1001,1.34,broken clouds
14/05/2026 06:37,Hamburg,4.88,94,995,1.03,scattered clouds
14/05/2026 06:42,London,6.98,86,1001,1.34,broken clouds
14/05/2026 06:42,Hamburg,5.87,91,996,1.54,broken clouds
14/05/2026 06:47,London,6.98,86,1001,1.34,broken clouds
14/05/2026 06:47,Hamburg,5.87,91,996,1.54,broken clouds
14/05/2026 06:52,London,6.98,86,1001,1.79,broken clouds
14/05/2026 06:52,Hamburg,5.87,91,996,1.54,broken clouds
14/05/2026 06:57,London,6.98,86,1001,1.79,broken clouds
14/05/2026 06:57,Hamburg,5.87,91,996,1.54,broken clouds
14/05/2026 07:02,London,7.14,86,1001,3.09,few clouds
14/05/2026 07:02,Hamburg,5.87,91,996,1.54,broken clouds
14/05/2026 07:07,London,7.14,86,1001,3.09,few clouds
14/05/2026 07:07,Hamburg,5.87,91,996,1.54,broken clouds
14/05/2026 07:12,London,7.33,85,1001,4.12,few clouds
14/05/2026 07:12,Hamburg,5.57,92,995,1.03,broken clouds
14/05/2026 07:17,London,7.33,85,1001,4.12,few clouds
14/05/2026 07:17,Hamburg,5.57,92,995,1.03,broken clouds
14/05/2026 07:22,London,7.41,85,1001,4.12,few clouds
14/05/2026 07:22,Hamburg,6.91,90,995,0.51,overcast clouds
14/05/2026 07:27,London,7.41,85,1001,4.12,few clouds
14/05/2026 07:27,Hamburg,6.91,90,995,0.51,overcast clouds
14/05/2026 07:32,London,7.41,85,1001,4.12,few clouds
14/05/2026 07:32,Hamburg,6.91,90,995,0.51,overcast clouds
14/05/2026 07:37,London,7.44,85,1001,3.6,scattered clouds
14/05/2026 07:37,Hamburg,6.82,89,996,1.03,broken clouds
14/05/2026 07:42,London,7.44,85,1001,3.6,scattered clouds
14/05/2026 07:42,Hamburg,6.82,89,996,1.03,broken clouds
14/05/2026 07:47,London,7.55,84,1001,3.6,scattered clouds
14/05/2026 07:47,Hamburg,6.83,89,996,1.03,broken clouds
14/05/2026 07:52,London,7.55,84,1001,3.6,scattered clouds
14/05/2026 07:52,Hamburg,6.83,89,996,1.03,broken clouds
14/05/2026 07:57,London,7.57,84,1001,3.6,scattered clouds
14/05/2026 07:57,Hamburg,6.83,89,996,1.03,broken clouds
14/05/2026 08:02,London,7.61,83,1001,3.6,scattered clouds
14/05/2026 08:02,Hamburg,6.83,89,996,1.03,broken clouds
14/05/2026 08:07,London,7.61,83,1001,3.6,scattered clouds
14/05/2026 08:07,Hamburg,7.33,86,995,1.03,scattered clouds
14/05/2026 08:12,London,7.56,83,1001,5.14,broken clouds
14/05/2026 08:12,Hamburg,7.33,86,995,1.03,scattered clouds
14/05/2026 08:17,London,7.56,83,1001,5.14,broken clouds
14/05/2026 08:17,Hamburg,7.1,87,995,1.03,scattered clouds
14/05/2026 08:22,London,7.81,82,1001,5.14,broken clouds
14/05/2026 08:22,Hamburg,7.1,87,995,1.03,scattered clouds
14/05/2026 08:27,London,7.81,82,1001,5.14,broken clouds
14/05/2026 08:27,Hamburg,7.1,87,995,1.03,scattered clouds
14/05/2026 08:32,London,7.89,81,1001,5.14,broken clouds
14/05/2026 08:32,Hamburg,7.1,87,995,1.03,scattered clouds
14/05/2026 08:37,London,7.85,80,1001,4.63,overcast clouds
14/05/2026 08:37,Hamburg,7.14,87,996,1.03,scattered clouds
14/05/2026 08:42,London,7.85,80,1001,4.63,overcast clouds
14/05/2026 08:42,Hamburg,7.14,87,996,1.03,scattered clouds
14/05/2026 08:47,London,8.01,80,1001,4.63,overcast clouds
14/05/2026 08:47,Hamburg,7.88,82,996,1.03,scattered clouds
14/05/2026 08:52,London,8.01,80,1001,4.63,overcast clouds
14/05/2026 08:52,Hamburg,7.88,82,996,1.03,scattered clouds
14/05/2026 08:57,London,8.37,78,1001,4.63,overcast clouds
14/05/2026 08:57,Hamburg,7.89,82,996,1.03,scattered clouds
14/05/2026 09:02,London,8.4,78,1001,4.63,overcast clouds
14/05/2026 09:02,Hamburg,7.89,82,995,1.03,scattered clouds
14/05/2026 09:07,London,8.4,78,1001,4.63,overcast clouds
14/05/2026 09:07,Hamburg,7.89,82,995,1.03,scattered clouds
14/05/2026 09:12,London,8.47,77,1001,5.66,scattered clouds
14/05/2026 09:12,Hamburg,8.65,82,995,0.51,overcast clouds
14/05/2026 09:17,London,8.47,77,1001,5.66,scattered clouds
14/05/2026 09:17,Hamburg,8.65,82,995,0.51,overcast clouds
14/05/2026 09:22,London,8.49,76,1001,5.66,scattered clouds
14/05/2026 09:22,Hamburg,9.48,77,995,1.03,broken clouds
14/05/2026 09:27,London,8.49,76,1001,5.66,scattered clouds
14/05/2026 09:27,Hamburg,9.48,77,995,1.03,broken clouds
14/05/2026 09:32,London,8.54,76,1001,5.66,scattered clouds
14/05/2026 09:32,Hamburg,9.48,77,995,1.03,broken clouds
14/05/2026 09:37,London,8.54,76,1001,5.66,scattered clouds
14/05/2026 09:37,Hamburg,9.48,77,995,1.03,broken clouds
14/05/2026 09:42,London,8.66,75,1001,5.14,broken clouds
14/05/2026 09:42,Hamburg,9.48,75,995,2.06,broken clouds
14/05/2026 09:47,London,8.66,75,1001,5.14,broken clouds
14/05/2026 09:47,Hamburg,9.48,75,995,2.06,broken clouds
14/05/2026 09:52,London,9.06,74,1001,5.14,broken clouds
14/05/2026 09:52,Hamburg,9.48,75,995,2.06,broken clouds
14/05/2026 09:57,London,9.06,74,1001,5.14,broken clouds
14/05/2026 09:57,Hamburg,9.48,75,995,2.06,broken clouds
14/05/2026 10:02,London,9.18,73,1001,1.34,scattered clouds
14/05/2026 10:02,Hamburg,9.48,75,995,2.06,broken clouds
14/05/2026 10:07,London,9.18,73,1001,1.34,scattered clouds
14/05/2026 10:07,Hamburg,9.48,75,995,2.06,broken clouds
14/05/2026 10:12,London,9.27,72,1001,4.63,broken clouds
14/05/2026 10:12,Hamburg,9.48,75,995,2.06,broken clouds
14/05/2026 10:17,London,9.27,72,1001,4.63,broken clouds
14/05/2026 10:17,Hamburg,9.62,69,995,2.06,broken clouds
14/05/2026 10:22,London,9.33,71,1001,4.63,broken clouds
14/05/2026 10:22,Hamburg,9.62,69,995,2.06,broken clouds
14/05/2026 10:27,London,9.33,71,1001,4.63,broken clouds
14/05/2026 10:27,Hamburg,9.44,68,995,2.06,overcast clouds
14/05/2026 10:32,London,9.34,71,1001,4.63,broken clouds
14/05/2026 10:32,Hamburg,9.44,68,995,2.06,overcast clouds
14/05/2026 10:37,London,9.34,71,1001,4.63,broken clouds
14/05/2026 10:37,Hamburg,9.44,68,995,2.06,overcast clouds
14/05/2026 10:42,London,9.53,70,1001,4.63,overcast clouds
14/05/2026 10:42,Hamburg,9.99,64,995,2.57,broken clouds
14/05/2026 10:48,London,9.53,70,1001,4.63,overcast clouds
14/05/2026 10:48,Hamburg,9.99,64,995,2.57,broken clouds
14/05/2026 10:53,London,9.51,71,1001,4.63,overcast clouds
14/05/2026 10:53,Hamburg,9.99,64,996,2.57,broken clouds
14/05/2026 10:58,London,9.51,71,1001,4.63,overcast clouds
14/05/2026 10:58,Hamburg,9.99,64,996,2.57,broken clouds
14/05/2026 11:03,London,9.62,71,1001,4.63,overcast clouds
14/05/2026 11:03,Hamburg,9.99,64,996,2.57,broken clouds
14/05/2026 11:08,London,9.62,71,1001,4.63,overcast clouds
14/05/2026 11:08,Hamburg,9.99,64,995,2.57,broken clouds
14/05/2026 11:13,London,9.63,70,1001,4.63,broken clouds
14/05/2026 11:13,Hamburg,9.99,64,995,2.57,broken clouds
14/05/2026 11:18,London,9.63,70,1001,4.63,broken clouds
14/05/2026 11:18,Hamburg,10.17,64,995,2.57,broken clouds
14/05/2026 11:23,London,9.78,70,1001,4.63,broken clouds
14/05/2026 11:23,Hamburg,10.17,64,995,2.57,broken clouds
14/05/2026 11:28,London,9.78,70,1001,4.63,broken clouds
14/05/2026 11:28,Hamburg,10.17,64,995,2.57,broken clouds
14/05/2026 11:33,London,10.13,69,1001,2.24,broken clouds
14/05/2026 11:33,Hamburg,10.17,64,995,2.57,broken clouds
14/05/2026 11:38,London,10.13,69,1001,2.24,broken clouds
14/05/2026 11:38,Hamburg,10.17,64,995,2.57,broken clouds
14/05/2026 11:43,London,10.12,68,1001,3.6,overcast clouds
14/05/2026 11:43,Hamburg,10.17,64,995,3.09,light rain
14/05/2026 11:48,London,10.12,68,1001,3.6,overcast clouds
14/05/2026 11:48,Hamburg,10.17,64,995,3.09,light rain
14/05/2026 11:53,London,10.47,68,1001,2.24,broken clouds
14/05/2026 11:53,Hamburg,10.17,64,995,3.09,light rain
14/05/2026 11:58,London,10.47,68,1001,2.24,broken clouds
14/05/2026 11:58,Hamburg,10.17,64,995,3.09,light rain
14/05/2026 12:03,London,10.34,68,1001,3.6,overcast clouds
14/05/2026 12:03,Hamburg,10.17,64,995,3.09,light rain
14/05/2026 12:08,London,10.34,68,1001,3.6,overcast clouds
14/05/2026 12:08,Hamburg,10.17,64,995,3.09,light rain
14/05/2026 12:13,London,10.86,66,1001,4.12,broken clouds
14/05/2026 12:13,Hamburg,10.17,66,995,3.09,light intensity shower rain
14/05/2026 12:18,London,10.86,66,1001,4.12,broken clouds
14/05/2026 12:18,Hamburg,10.17,66,995,3.09,light intensity shower rain
14/05/2026 12:23,London,11.11,66,1001,4.12,broken clouds
14/05/2026 12:23,Hamburg,10.17,69,995,3.09,light intensity shower rain
14/05/2026 12:28,London,11.11,66,1001,4.12,broken clouds
14/05/2026 12:28,Hamburg,10.17,69,995,3.09,light intensity shower rain
14/05/2026 12:33,London,10.94,66,1001,4.12,broken clouds
14/05/2026 12:33,Hamburg,10.17,69,995,3.09,light intensity shower rain
14/05/2026 12:38,London,10.84,66,1001,4.12,broken clouds
14/05/2026 12:38,Hamburg,9.8,69,995,3.6,light rain
14/05/2026 12:43,London,10.84,66,1001,4.12,broken clouds
14/05/2026 12:43,Hamburg,9.8,69,995,3.6,light rain
14/05/2026 12:48,London,10.53,66,1001,4.12,broken clouds
14/05/2026 12:48,Hamburg,9.8,69,995,3.6,light rain
14/05/2026 12:53,London,10.53,66,1001,4.12,broken clouds
14/05/2026 12:53,Hamburg,9.8,69,995,3.6,light rain
14/05/2026 12:58,London,11.15,65,1001,4.12,broken clouds
14/05/2026 12:58,Hamburg,9.8,69,995,3.6,light rain
14/05/2026 13:03,London,11.03,65,1001,4.12,light rain
14/05/2026 13:03,Hamburg,9.8,69,995,3.6,light rain
14/05/2026 13:08,London,11.03,65,1001,4.12,light rain
14/05/2026 13:08,Hamburg,9.81,69,995,3.6,light rain
14/05/2026 13:13,London,11.22,65,1001,1.79,light rain
14/05/2026 13:13,Hamburg,9.81,69,995,3.6,light rain
14/05/2026 13:18,London,11.22,65,1001,1.79,light rain
14/05/2026 13:18,Hamburg,9.62,72,995,4.12,light rain
14/05/2026 13:23,London,10.97,68,1001,0.89,light rain
14/05/2026 13:23,Hamburg,9.62,72,995,4.12,light rain
14/05/2026 13:28,London,10.97,68,1001,0.89,light rain
14/05/2026 13:28,Hamburg,9.61,72,995,4.12,moderate rain
14/05/2026 13:33,London,11.24,64,1001,1.79,broken clouds
14/05/2026 13:33,Hamburg,9.61,72,995,4.12,moderate rain
14/05/2026 13:38,London,11.24,64,1001,1.79,broken clouds
14/05/2026 13:38,Hamburg,9.25,73,996,3.6,light rain
14/05/2026 13:43,London,11.6,63,1001,1.34,broken clouds
14/05/2026 13:43,Hamburg,9.25,73,996,3.6,light rain
14/05/2026 13:48,London,11.6,63,1001,1.34,broken clouds
14/05/2026 13:48,Hamburg,9.21,74,996,3.6,light rain
14/05/2026 13:53,London,11.13,65,1001,1.79,broken clouds
14/05/2026 13:53,Hamburg,9.21,74,996,3.6,light rain
14/05/2026 13:58,London,11.13,65,1001,1.79,broken clouds
14/05/2026 13:58,Hamburg,9.25,74,996,3.6,light rain
14/05/2026 14:03,London,11.13,66,1001,1.79,broken clouds
14/05/2026 14:03,Hamburg,9.25,74,996,3.6,light rain
14/05/2026 14:08,London,10.52,70,1001,2.68,light rain
14/05/2026 14:08,Hamburg,9.98,74,996,3.58,light rain
14/05/2026 14:13,London,10.52,70,1001,2.68,light rain
14/05/2026 14:13,Hamburg,9.98,74,996,3.58,light rain
14/05/2026 14:18,London,11.4,65,1001,3.13,broken clouds
14/05/2026 14:18,Hamburg,10.02,74,996,3.09,light rain
14/05/2026 14:23,London,11.4,65,1001,3.13,broken clouds
14/05/2026 14:23,Hamburg,10.02,74,996,3.09,light rain
14/05/2026 14:28,London,10.01,66,1001,2.06,broken clouds
14/05/2026 14:28,Hamburg,9.97,74,996,3.09,light rain
14/05/2026 14:33,London,10.12,67,1001,2.06,light rain
14/05/2026 14:33,Hamburg,9.97,74,996,3.09,light rain
14/05/2026 14:38,London,10.12,67,1001,2.06,light rain
14/05/2026 14:38,Hamburg,9.97,74,996,3.09,light rain
14/05/2026 14:43,London,10.45,69,1001,3.09,light rain
14/05/2026 14:43,Hamburg,10.26,71,996,3.09,scattered clouds
14/05/2026 14:48,London,10.45,69,1001,3.09,light rain
14/05/2026 14:48,Hamburg,10.26,71,996,3.09,scattered clouds
14/05/2026 14:53,London,10.02,71,1001,3.09,light rain
14/05/2026 14:53,Hamburg,10.26,70,996,3.09,scattered clouds
14/05/2026 14:58,London,10.02,71,1001,3.09,light rain
14/05/2026 14:58,Hamburg,10.26,70,996,3.09,scattered clouds
14/05/2026 15:03,London,9.85,71,1001,3.09,scattered clouds
14/05/2026 15:03,Hamburg,10.26,70,996,3.09,scattered clouds
14/05/2026 15:08,London,9.85,71,1001,3.09,scattered clouds
14/05/2026 15:08,Hamburg,10.26,70,996,3.09,scattered clouds
14/05/2026 15:13,London,10.67,68,1001,0.89,overcast clouds
14/05/2026 15:14,Hamburg,11.44,64,996,4.12,few clouds
14/05/2026 15:19,London,10.67,68,1001,0.89,overcast clouds
14/05/2026 15:19,Hamburg,11.44,64,996,4.12,few clouds
14/05/2026 15:24,London,10.94,67,1001,1.34,overcast clouds
14/05/2026 15:24,Hamburg,11.44,64,996,4.12,few clouds
14/05/2026 15:29,London,10.94,67,1001,1.34,overcast clouds
14/05/2026 15:29,Hamburg,11.44,64,996,4.12,few clouds
14/05/2026 15:34,London,11.19,67,1001,1.34,overcast clouds
14/05/2026 15:34,Hamburg,11.43,64,996,4.12,few clouds
14/05/2026 15:39,London,11.6,67,1001,0.45,broken clouds
14/05/2026 15:39,Hamburg,11.43,64,996,4.12,few clouds
14/05/2026 15:44,London,11.6,67,1001,0.45,broken clouds
14/05/2026 15:44,Hamburg,11.48,64,996,4.12,scattered clouds
14/05/2026 15:49,London,12.15,63,1001,2.24,broken clouds
14/05/2026 15:49,Hamburg,11.48,64,996,4.12,scattered clouds
14/05/2026 15:54,London,12.15,63,1001,2.24,broken clouds
14/05/2026 15:54,Hamburg,11.48,64,996,4.12,scattered clouds
14/05/2026 15:59,London,12.12,63,1001,1.79,broken clouds
14/05/2026 15:59,Hamburg,11.48,64,996,4.12,scattered clouds
14/05/2026 16:04,London,12.33,61,1001,2.24,broken clouds
14/05/2026 16:04,Hamburg,11.47,64,996,4.12,scattered clouds
14/05/2026 16:09,London,12.33,61,1001,2.24,broken clouds
14/05/2026 16:09,Hamburg,11.47,64,996,4.12,scattered clouds
14/05/2026 16:14,London,12.43,58,1001,3.09,broken clouds
14/05/2026 16:14,Hamburg,11.5,60,996,4.12,broken clouds
14/05/2026 16:19,London,12.43,58,1001,3.09,broken clouds
14/05/2026 16:19,Hamburg,11.5,60,996,4.12,broken clouds
14/05/2026 16:24,London,12.32,60,1001,3.09,light rain
14/05/2026 16:24,Hamburg,11.5,60,996,4.12,broken clouds
14/05/2026 16:29,London,12.32,60,1001,3.09,light rain
14/05/2026 16:29,Hamburg,11.5,60,996,4.12,broken clouds
14/05/2026 16:34,London,11.77,60,1001,3.09,moderate rain
14/05/2026 16:34,Hamburg,11.5,59,996,3.58,few clouds
14/05/2026 16:39,London,11.77,60,1001,3.09,moderate rain
14/05/2026 16:39,Hamburg,11.81,59,996,3.58,few clouds
14/05/2026 16:44,London,11.91,60,1001,5.14,scattered clouds
14/05/2026 16:44,Hamburg,11.81,59,996,3.58,few clouds
14/05/2026 16:49,London,11.91,60,1001,5.14,scattered clouds
14/05/2026 16:49,Hamburg,11.75,61,996,3.58,few clouds
14/05/2026 16:54,London,12.44,58,1001,5.14,scattered clouds
14/05/2026 16:54,Hamburg,11.75,61,996,3.58,few clouds
14/05/2026 16:59,London,12.44,58,1001,5.14,scattered clouds
14/05/2026 16:59,Hamburg,11.81,59,996,3.58,few clouds
14/05/2026 17:04,London,12.49,58,1001,5.14,scattered clouds
14/05/2026 17:04,Hamburg,11.81,59,996,3.58,few clouds
14/05/2026 17:09,London,12.49,58,1001,5.14,scattered clouds
14/05/2026 17:09,Hamburg,11.48,64,996,6.17,few clouds
14/05/2026 17:14,London,12.24,60,1001,0.89,broken clouds
14/05/2026 17:14,Hamburg,11.48,64,996,6.17,few clouds
14/05/2026 17:19,London,12.24,60,1001,0.89,broken clouds
14/05/2026 17:19,Hamburg,11.48,63,996,6.17,light intensity shower rain
14/05/2026 17:24,London,12.42,60,1001,1.79,broken clouds
14/05/2026 17:24,Hamburg,11.48,63,996,6.17,light intensity shower rain
14/05/2026 17:29,London,12.42,60,1001,1.79,broken clouds
14/05/2026 17:29,Hamburg,11.48,63,996,6.17,light intensity shower rain
14/05/2026 17:34,London,12.43,61,1001,2.68,broken clouds
14/05/2026 17:34,Hamburg,11.48,63,996,6.17,few clouds
14/05/2026 17:39,London,12.43,61,1001,2.68,broken clouds
14/05/2026 17:39,Hamburg,11.22,65,996,4.63,few clouds
14/05/2026 17:44,London,11.45,67,1001,2.68,broken clouds
14/05/2026 17:44,Hamburg,11.22,65,996,4.63,few clouds
14/05/2026 17:49,London,11.45,67,1001,2.68,broken clouds
14/05/2026 17:49,Hamburg,10.85,67,996,4.63,few clouds
14/05/2026 17:54,London,11.3,67,1001,1.34,broken clouds
14/05/2026 17:54,Hamburg,10.85,67,996,4.63,few clouds
14/05/2026 17:59,London,11.3,67,1001,1.34,broken clouds
14/05/2026 17:59,Hamburg,10.86,66,996,4.63,few clouds
14/05/2026 18:04,London,11.18,67,1001,0.89,broken clouds
14/05/2026 18:04,Hamburg,11.23,65,996,4.63,few clouds
14/05/2026 18:09,London,11.18,67,1001,0.89,broken clouds
14/05/2026 18:09,Hamburg,11.23,65,996,4.63,few clouds
14/05/2026 18:14,London,11.79,64,1001,1.54,broken clouds
14/05/2026 18:14,Hamburg,11.37,64,996,3.6,few clouds
14/05/2026 18:19,London,11.79,64,1001,1.54,broken clouds
14/05/2026 18:19,Hamburg,11.37,64,996,3.6,few clouds
14/05/2026 18:24,London,11.94,64,1001,1.54,broken clouds
14/05/2026 18:24,Hamburg,11.27,66,996,3.6,few clouds
14/05/2026 18:29,London,11.94,64,1001,1.54,broken clouds
14/05/2026 18:29,Hamburg,11.27,66,996,3.6,few clouds
14/05/2026 18:34,London,11.86,64,1001,1.54,light rain
14/05/2026 18:34,Hamburg,11.27,66,997,3.6,few clouds
14/05/2026 18:39,London,11.78,65,1001,1.54,heavy intensity rain
14/05/2026 18:39,Hamburg,11.27,66,997,3.6,few clouds
14/05/2026 18:44,London,11.78,65,1001,1.54,heavy intensity rain
14/05/2026 18:44,Hamburg,9.98,68,997,6.17,few clouds
14/05/2026 18:49,London,11.02,68,1001,3.58,light rain
14/05/2026 18:49,Hamburg,9.98,68,997,6.17,few clouds
14/05/2026 18:54,London,11.02,68,1001,3.58,light rain
14/05/2026 18:54,Hamburg,9.98,68,997,6.17,few clouds
14/05/2026 18:59,London,11.06,66,1001,3.09,broken clouds
14/05/2026 18:59,Hamburg,9.98,68,997,6.17,few clouds
14/05/2026 19:04,London,11.06,66,1001,3.09,broken clouds
14/05/2026 19:04,Hamburg,9.98,69,997,6.17,few clouds
14/05/2026 19:09,London,10.88,66,1001,3.09,scattered clouds
14/05/2026 19:09,Hamburg,9.98,69,997,6.17,few clouds
14/05/2026 19:14,London,10.88,66,1001,3.09,scattered clouds
14/05/2026 19:14,Hamburg,9.03,70,997,5.66,scattered clouds
14/05/2026 19:19,London,11.57,65,1001,3.09,scattered clouds
14/05/2026 19:19,Hamburg,9.03,70,997,5.66,scattered clouds
14/05/2026 19:24,London,11.57,65,1001,3.09,scattered clouds
14/05/2026 19:24,Hamburg,9.03,70,997,5.66,scattered clouds
14/05/2026 19:29,London,11.43,65,1001,3.09,scattered clouds
14/05/2026 19:29,Hamburg,9.03,70,997,5.66,scattered clouds
14/05/2026 19:34,London,11.43,66,1001,3.09,scattered clouds
14/05/2026 19:34,Hamburg,8.95,70,997,5.66,scattered clouds
14/05/2026 19:39,London,10.87,69,1001,0.89,broken clouds
14/05/2026 19:39,Hamburg,8.95,70,997,5.66,scattered clouds
14/05/2026 19:44,London,10.87,69,1001,0.89,broken clouds
14/05/2026 19:44,Hamburg,8.39,75,997,3.09,broken clouds
14/05/2026 19:49,London,10.38,71,1001,2.57,broken clouds
14/05/2026 19:49,Hamburg,8.39,75,997,3.09,broken clouds
14/05/2026 19:54,London,10.38,71,1001,2.57,broken clouds
14/05/2026 19:54,Hamburg,8.35,74,997,3.09,broken clouds
14/05/2026 19:59,London,10.37,73,1001,2.57,broken clouds
14/05/2026 19:59,Hamburg,8.35,74,997,3.09,broken clouds
14/05/2026 20:04,London,10.37,73,1001,2.57,broken clouds
14/05/2026 20:04,Hamburg,8.35,74,997,3.09,broken clouds
14/05/2026 20:09,London,10.36,72,1001,1.03,broken clouds
14/05/2026 20:09,Hamburg,8.35,74,997,3.09,broken clouds
14/05/2026 20:14,London,10.36,72,1001,1.03,broken clouds
14/05/2026 20:14,Hamburg,9.61,77,997,2.06,scattered clouds
14/05/2026 20:19,London,10.13,72,1001,1.03,broken clouds
14/05/2026 20:19,Hamburg,9.61,77,997,2.06,scattered clouds
14/05/2026 20:24,London,10.13,72,1001,1.03,broken clouds
14/05/2026 20:24,Hamburg,9.61,77,997,2.06,shower rain
14/05/2026 20:29,London,10.09,72,1001,1.03,broken clouds
14/05/2026 20:29,Hamburg,9.61,77,997,2.06,shower rain
14/05/2026 20:34,London,10.09,72,1001,1.03,broken clouds
14/05/2026 20:34,Hamburg,9.61,77,998,2.06,shower rain
14/05/2026 20:39,London,10.02,73,1002,1.03,broken clouds
14/05/2026 20:39,Hamburg,9.61,77,998,2.06,shower rain
14/05/2026 20:44,London,10.02,73,1002,1.03,broken clouds
14/05/2026 20:44,Hamburg,8.95,83,998,4.12,light intensity shower rain
14/05/2026 20:49,London,9.68,76,1002,1.03,overcast clouds
14/05/2026 20:49,Hamburg,8.95,83,998,4.12,light intensity shower rain
14/05/2026 20:54,London,9.68,76,1002,1.03,overcast clouds
14/05/2026 20:54,Hamburg,8.95,83,998,4.12,light intensity shower rain
14/05/2026 20:59,London,9.74,74,1002,1.34,overcast clouds
14/05/2026 20:59,Hamburg,8.95,83,998,4.12,light intensity shower rain
14/05/2026 21:04,London,9.74,74,1002,1.34,overcast clouds
14/05/2026 21:04,Hamburg,8.46,84,998,4.12,light intensity shower rain
14/05/2026 21:09,London,9.92,75,1002,2.24,overcast clouds
14/05/2026 21:09,Hamburg,8.46,84,998,4.12,light intensity shower rain
14/05/2026 21:14,London,9.92,75,1002,2.24,overcast clouds
14/05/2026 21:14,Hamburg,9.46,81,998,3.09,light intensity shower rain
14/05/2026 21:19,London,9.43,76,1002,2.06,overcast clouds
14/05/2026 21:19,Hamburg,9.46,81,998,3.09,light intensity shower rain
14/05/2026 21:24,London,9.43,76,1002,2.06,overcast clouds
14/05/2026 21:24,Hamburg,9.45,81,998,3.09,light intensity shower rain
14/05/2026 21:29,London,9.53,75,1002,2.06,overcast clouds
14/05/2026 21:29,Hamburg,9.45,81,998,3.09,light intensity shower rain
14/05/2026 21:34,London,9.49,75,1002,2.06,overcast clouds
14/05/2026 21:34,Hamburg,9.45,81,998,3.09,light intensity shower rain
14/05/2026 21:39,London,9.49,75,1002,2.06,overcast clouds
14/05/2026 21:40,Hamburg,8.35,82,998,3.09,light rain
14/05/2026 21:45,London,8.98,77,1003,3.09,overcast clouds
14/05/2026 21:45,Hamburg,8.35,82,998,3.09,light rain
14/05/2026 21:50,London,8.98,77,1003,3.09,overcast clouds
14/05/2026 21:50,Hamburg,8.35,82,998,3.09,few clouds
14/05/2026 21:55,London,8.76,79,1003,3.09,overcast clouds
14/05/2026 21:55,Hamburg,8.35,82,998,3.09,few clouds
14/05/2026 22:00,London,8.76,79,1003,3.09,overcast clouds
14/05/2026 22:00,Hamburg,8.35,82,999,3.09,few clouds
14/05/2026 22:05,London,8.76,79,1003,3.09,overcast clouds
14/05/2026 22:05,Hamburg,8.35,82,999,3.09,few clouds
14/05/2026 22:10,London,8.52,79,1003,3.09,overcast clouds
14/05/2026 22:10,Hamburg,8.35,82,999,3.09,few clouds
14/05/2026 22:15,London,8.52,79,1003,3.09,overcast clouds
14/05/2026 22:15,Hamburg,7.1,90,998,2.06,few clouds
14/05/2026 22:20,London,8.38,79,1002,2.57,overcast clouds
14/05/2026 22:20,Hamburg,7.1,90,998,2.06,few clouds
14/05/2026 22:25,London,8.38,79,1002,2.57,overcast clouds
14/05/2026 22:25,Hamburg,7.09,90,998,2.06,few clouds
14/05/2026 22:30,London,8.25,79,1002,2.57,overcast clouds
14/05/2026 22:30,Hamburg,7.09,90,998,2.06,few clouds
14/05/2026 22:35,London,8.25,79,1002,2.57,overcast clouds
14/05/2026 22:35,Hamburg,7.09,90,998,2.06,few clouds
14/05/2026 22:40,London,7.98,81,1003,2.57,broken clouds
14/05/2026 22:40,Hamburg,6.5,94,999,2.06,clear sky
14/05/2026 22:45,London,7.98,81,1003,2.57,broken clouds
14/05/2026 22:45,Hamburg,6.5,94,999,2.06,clear sky
14/05/2026 22:50,London,8.36,80,1003,2.06,broken clouds
14/05/2026 22:50,Hamburg,6.5,94,999,2.06,clear sky
14/05/2026 22:55,London,8.36,80,1003,2.06,broken clouds
14/05/2026 22:55,Hamburg,6.5,94,999,2.06,clear sky
14/05/2026 23:00,London,8.56,79,1003,2.06,broken clouds
14/05/2026 23:00,Hamburg,6.5,94,999,2.06,clear sky
14/05/2026 23:05,London,8.56,79,1003,2.06,broken clouds
14/05/2026 23:05,Hamburg,6.5,94,999,2.06,clear sky
14/05/2026 23:10,London,8.4,80,1003,2.24,light rain
14/05/2026 23:10,Hamburg,6.05,92,999,1.79,clear sky
14/05/2026 23:15,London,8.4,80,1003,2.24,light rain
14/05/2026 23:15,Hamburg,6.05,92,999,1.79,clear sky
14/05/2026 23:20,London,8.11,82,1003,2.24,broken clouds
14/05/2026 23:20,Hamburg,5.7,92,999,1.54,clear sky
14/05/2026 23:25,London,8.11,82,1003,2.24,broken clouds
14/05/2026 23:25,Hamburg,5.7,92,999,1.54,clear sky
14/05/2026 23:30,London,8.16,81,1003,1.54,broken clouds
14/05/2026 23:30,Hamburg,5.7,92,998,1.54,clear sky
14/05/2026 23:35,London,8.16,81,1003,1.54,light rain
14/05/2026 23:35,Hamburg,5.7,92,998,1.54,clear sky
14/05/2026 23:40,London,8.18,82,1004,3.09,broken clouds
14/05/2026 23:40,Hamburg,5.7,92,999,1.54,clear sky
14/05/2026 23:45,London,8.18,82,1004,3.09,broken clouds
14/05/2026 23:45,Hamburg,5.7,92,999,1.54,clear sky
14/05/2026 23:50,London,8.07,82,1004,3.09,broken clouds
14/05/2026 23:50,Hamburg,5.04,96,999,1.54,mist
14/05/2026 23:55,London,8.07,82,1004,3.09,broken clouds
14/05/2026 23:55,Hamburg,5.04,96,999,1.54,mist
15/05/2026 00:00,London,8.03,82,1004,3.09,broken clouds
15/05/2026 00:00,Hamburg,5.04,96,999,1.54,mist
15/05/2026 00:05,London,8.03,82,1004,3.09,broken clouds
15/05/2026 00:05,Hamburg,5.04,96,999,1.54,mist
15/05/2026 00:10,London,7.83,83,1003,2.57,scattered clouds
15/05/2026 00:10,Hamburg,4.42,96,999,1.54,clear sky
15/05/2026 00:15,London,7.83,83,1003,2.57,scattered clouds
15/05/2026 00:15,Hamburg,4.42,96,999,1.54,clear sky
15/05/2026 00:20,London,7.74,83,1003,2.57,scattered clouds
15/05/2026 00:20,Hamburg,3.91,97,999,1.54,clear sky
15/05/2026 00:25,London,7.74,83,1003,2.57,scattered clouds
15/05/2026 00:25,Hamburg,3.91,97,999,1.54,clear sky
15/05/2026 00:30,London,7.6,83,1004,1.34,broken clouds
15/05/2026 00:30,Hamburg,3.9,97,999,1.54,clear sky
15/05/2026 00:35,London,7.71,83,1003,2.57,scattered clouds
15/05/2026 00:35,Hamburg,3.9,97,999,1.54,clear sky
15/05/2026 00:40,London,7.71,83,1003,2.57,scattered clouds
15/05/2026 00:40,Hamburg,4.18,97,999,1.03,fog
15/05/2026 00:45,London,7.57,83,1004,0.89,broken clouds
15/05/2026 00:45,Hamburg,4.18,97,999,1.03,fog
15/05/2026 00:50,London,7.57,83,1004,0.89,broken clouds
15/05/2026 00:50,Hamburg,4.18,97,999,1.03,fog
15/05/2026 00:55,London,7.68,82,1004,3.09,scattered clouds
15/05/2026 00:55,Hamburg,4.18,97,999,1.03,fog
15/05/2026 01:00,London,7.68,82,1004,3.09,scattered clouds
15/05/2026 01:00,Hamburg,4.18,97,999,1.03,fog
15/05/2026 01:05,London,7.58,83,1004,1.34,broken clouds
15/05/2026 01:05,Hamburg,4.18,97,999,1.03,fog
15/05/2026 01:10,London,7.58,83,1004,1.34,broken clouds
15/05/2026 01:10,Hamburg,4.18,97,999,1.03,fog
15/05/2026 01:15,London,7.37,83,1003,1.54,broken clouds
15/05/2026 01:15,Hamburg,3.49,97,999,2.06,fog
15/05/2026 01:20,London,7.37,83,1003,1.54,broken clouds
15/05/2026 01:20,Hamburg,3.49,97,999,2.06,fog
15/05/2026 01:25,London,7.29,83,1003,1.54,broken clouds
15/05/2026 01:25,Hamburg,3.45,97,999,2.06,fog
15/05/2026 01:30,London,7.29,83,1003,1.54,broken clouds
15/05/2026 01:30,Hamburg,3.45,97,999,2.06,fog
15/05/2026 01:35,London,7.23,83,1004,1.54,broken clouds
15/05/2026 01:35,Hamburg,3.45,97,999,2.06,fog
15/05/2026 01:40,London,7.23,84,1004,1.54,broken clouds
15/05/2026 01:40,Hamburg,3.52,97,1000,2.57,fog
15/05/2026 01:45,London,7.23,84,1004,1.54,broken clouds
15/05/2026 01:45,Hamburg,3.52,97,1000,2.57,fog
15/05/2026 01:50,London,7.16,84,1004,2.06,broken clouds
15/05/2026 01:50,Hamburg,3.52,97,1000,2.57,fog
15/05/2026 01:55,London,7.16,84,1004,2.06,broken clouds
15/05/2026 01:55,Hamburg,3.52,97,1000,2.57,fog
15/05/2026 02:00,London,7.16,84,1004,2.06,broken clouds
15/05/2026 02:00,Hamburg,3.52,97,1000,2.57,fog
15/05/2026 02:05,London,7.16,84,1004,2.06,broken clouds
15/05/2026 02:05,Hamburg,3.52,97,1000,2.57,fog
15/05/2026 02:10,London,7.16,84,1004,2.06,broken clouds
15/05/2026 02:10,Hamburg,3.48,95,999,1.03,clear sky
15/05/2026 02:15,London,7.18,84,1003,2.06,broken clouds
15/05/2026 02:15,Hamburg,3.48,95,999,1.03,clear sky
15/05/2026 02:20,London,7.18,84,1003,2.06,broken clouds
15/05/2026 02:20,Hamburg,3.83,94,999,1.03,clear sky
15/05/2026 02:25,London,7.08,85,1003,2.06,broken clouds
15/05/2026 02:25,Hamburg,3.83,94,999,1.03,clear sky
15/05/2026 02:30,London,7.08,85,1003,2.06,broken clouds
15/05/2026 02:30,Hamburg,3.83,94,1000,1.03,clear sky
15/05/2026 02:35,London,7.09,85,1005,2.57,broken clouds
15/05/2026 02:35,Hamburg,3.49,96,1000,1.03,fog
15/05/2026 02:40,London,7.09,85,1005,2.57,broken clouds
15/05/2026 02:40,Hamburg,3.49,96,1000,1.03,fog
15/05/2026 02:45,London,7.09,85,1005,2.57,broken clouds
15/05/2026 02:45,Hamburg,3.49,96,1000,1.03,fog
15/05/2026 02:50,London,7.09,85,1005,2.57,broken clouds
15/05/2026 02:50,Hamburg,3.49,96,1000,1.03,fog
15/05/2026 02:55,London,7.15,84,1005,2.57,broken clouds
15/05/2026 02:55,Hamburg,3.49,96,1000,1.03,fog
15/05/2026 03:00,London,7.15,84,1005,2.57,broken clouds
15/05/2026 03:00,Hamburg,3.49,96,1000,1.03,fog
15/05/2026 03:05,London,7.15,84,1005,2.57,broken clouds
15/05/2026 03:05,Hamburg,3.49,96,1000,1.03,fog
15/05/2026 03:10,London,7.05,84,1004,2.57,broken clouds
15/05/2026 03:10,Hamburg,3.49,96,1000,1.03,fog
15/05/2026 03:15,London,7.05,84,1004,2.57,broken clouds
15/05/2026 03:15,Hamburg,2.41,97,999,1.03,fog
15/05/2026 03:20,London,7.01,84,1004,2.57,broken clouds
15/05/2026 03:20,Hamburg,2.41,97,999,1.03,fog
15/05/2026 03:25,London,7.01,84,1004,2.57,broken clouds
15/05/2026 03:25,Hamburg,2.41,97,999,1.03,fog
15/05/2026 03:30,London,7.06,84,1004,2.57,broken clouds
15/05/2026 03:30,Hamburg,2.41,97,999,1.03,fog
15/05/2026 03:35,London,6.99,85,1005,0.89,overcast clouds
15/05/2026 03:35,Hamburg,2.13,97,1000,1.03,mist
15/05/2026 03:40,London,6.99,85,1005,0.89,overcast clouds
15/05/2026 03:40,Hamburg,2.13,97,1000,1.03,mist
15/05/2026 03:45,London,7.05,85,1005,2.06,overcast clouds
15/05/2026 03:45,Hamburg,2.13,97,1000,1.03,mist
15/05/2026 03:50,London,7.05,85,1005,2.06,overcast clouds
15/05/2026 03:50,Hamburg,2.13,97,1000,1.03,mist
15/05/2026 03:55,London,7.03,85,1005,2.06,overcast clouds
15/05/2026 03:55,Hamburg,2.13,97,1000,1.03,mist
15/05/2026 04:00,London,7.03,85,1005,2.06,overcast clouds
15/05/2026 04:00,Hamburg,2.13,97,1000,1.03,mist
15/05/2026 04:05,London,7.03,85,1005,2.06,overcast clouds
15/05/2026 04:05,Hamburg,2.41,97,999,1.03,fog
15/05/2026 04:10,London,7.08,85,1004,2.57,overcast clouds
15/05/2026 04:10,Hamburg,2.41,97,999,1.03,fog
15/05/2026 04:15,London,7.08,85,1004,2.57,overcast clouds
15/05/2026 04:15,Hamburg,2.78,96,999,1.03,fog
15/05/2026 04:20,London,7.1,85,1004,2.57,overcast clouds
15/05/2026 04:20,Hamburg,2.78,96,999,1.03,fog
15/05/2026 04:25,London,7.1,85,1004,2.57,overcast clouds
15/05/2026 04:25,Hamburg,2.78,96,999,1.03,fog
15/05/2026 04:30,London,6.62,87,1004,0.89,overcast clouds
15/05/2026 04:30,Hamburg,2.78,96,999,1.03,fog
15/05/2026 04:35,London,6.62,87,1005,0.89,overcast clouds
15/05/2026 04:35,Hamburg,2.78,96,1000,1.03,fog
15/05/2026 04:40,London,6.62,87,1005,0.89,overcast clouds
15/05/2026 04:40,Hamburg,2.78,96,1000,1.03,fog
15/05/2026 04:45,London,6.79,86,1005,0.89,overcast clouds
15/05/2026 04:45,Hamburg,2.77,99,1000,1.54,fog
15/05/2026 04:50,London,6.79,86,1005,0.89,overcast clouds
15/05/2026 04:50,Hamburg,2.77,99,1000,1.54,fog
15/05/2026 04:55,London,6.71,87,1005,0.89,overcast clouds
15/05/2026 04:55,Hamburg,2.78,99,1000,1.54,fog
15/05/2026 05:01,London,6.71,87,1005,0.89,overcast clouds
15/05/2026 05:01,Hamburg,2.78,99,1000,1.54,fog
15/05/2026 05:06,London,6.71,87,1005,1.34,overcast clouds
15/05/2026 05:06,Hamburg,2.78,96,999,1.03,clear sky
15/05/2026 05:11,London,6.71,87,1005,1.34,overcast clouds
15/05/2026 05:11,Hamburg,2.78,96,999,1.03,clear sky
15/05/2026 05:16,London,6.78,87,1004,1.79,overcast clouds
15/05/2026 05:16,Hamburg,1.8,99,999,0.51,clear sky
15/05/2026 05:21,London,6.78,87,1004,1.79,overcast clouds
15/05/2026 05:21,Hamburg,1.8,99,999,0.51,clear sky
15/05/2026 05:26,London,6.66,87,1004,1.34,overcast clouds
15/05/2026 05:26,Hamburg,1.8,99,999,0.51,clear sky
15/05/2026 05:31,London,6.66,87,1004,1.34,overcast clouds
15/05/2026 05:31,Hamburg,1.8,99,999,0.51,clear sky
15/05/2026 05:36,London,6.56,87,1004,1.34,overcast clouds
15/05/2026 05:36,Hamburg,1.85,99,1000,0.51,clear sky
15/05/2026 05:41,London,6.56,87,1004,1.34,overcast clouds
15/05/2026 05:41,Hamburg,1.85,99,1000,0.51,clear sky
15/05/2026 05:46,London,6.45,87,1005,2.57,overcast clouds
15/05/2026 05:46,Hamburg,2.14,97,1000,1.03,fog
15/05/2026 05:51,London,6.45,87,1005,2.57,overcast clouds
15/05/2026 05:51,Hamburg,2.14,97,1000,1.03,fog
15/05/2026 05:56,London,6.4,87,1005,2.57,overcast clouds
15/05/2026 05:56,Hamburg,2.14,97,1000,1.03,fog
15/05/2026 06:01,London,6.4,87,1005,2.57,overcast clouds
15/05/2026 06:01,Hamburg,2.14,97,1000,1.03,fog
15/05/2026 06:06,London,6.34,87,1005,2.06,overcast clouds
15/05/2026 06:06,Hamburg,2.14,97,1000,1.03,fog
15/05/2026 06:11,London,6.34,87,1005,2.06,overcast clouds
15/05/2026 06:11,Hamburg,2.48,97,999,2.06,clear sky
15/05/2026 06:16,London,6.28,87,1005,2.06,overcast clouds
15/05/2026 06:16,Hamburg,2.48,97,999,2.06,clear sky
15/05/2026 06:21,London,6.28,87,1005,2.06,overcast clouds
15/05/2026 06:21,Hamburg,2.83,96,999,2.06,clear sky
15/05/2026 06:26,London,6.19,88,1005,2.06,overcast clouds
15/05/2026 06:26,Hamburg,2.83,96,999,2.06,clear sky
15/05/2026 06:31,London,6.19,88,1005,2.06,overcast clouds
15/05/2026 06:31,Hamburg,2.83,96,1000,2.06,clear sky
15/05/2026 06:36,London,6.15,88,1006,2.06,overcast clouds
15/05/2026 06:36,Hamburg,2.83,96,1000,2.06,clear sky
15/05/2026 06:41,London,6.15,88,1006,2.06,overcast clouds
15/05/2026 06:41,Hamburg,3.45,94,1000,1.79,clear sky
15/05/2026 06:46,London,6.15,88,1006,2.57,few clouds
15/05/2026 06:46,Hamburg,3.45,94,1000,1.79,clear sky
15/05/2026 06:51,London,6.15,88,1006,2.57,few clouds
15/05/2026 06:51,Hamburg,3.44,94,1000,1.79,clear sky
15/05/2026 06:56,London,6.19,87,1006,2.57,few clouds
15/05/2026 06:56,Hamburg,3.44,94,1000,1.79,clear sky
15/05/2026 07:01,London,6.19,87,1006,2.57,few clouds
15/05/2026 07:01,Hamburg,3.48,94,1000,1.79,clear sky
15/05/2026 07:06,London,6.19,87,1006,2.57,few clouds
15/05/2026 07:06,Hamburg,3.48,94,1000,1.79,clear sky
15/05/2026 07:11,London,6.19,87,1006,2.57,few clouds
15/05/2026 07:11,Hamburg,4.34,94,1000,1.54,clear sky
15/05/2026 07:16,London,6.24,88,1005,2.57,few clouds
15/05/2026 07:16,Hamburg,4.34,94,1000,1.54,clear sky
15/05/2026 07:21,London,6.24,88,1005,2.57,few clouds
15/05/2026 07:21,Hamburg,4.52,94,1000,1.54,clear sky
15/05/2026 07:26,London,6.2,89,1006,2.57,few clouds
15/05/2026 07:26,Hamburg,4.52,94,1000,1.54,clear sky
15/05/2026 07:31,London,6.2,89,1006,2.57,few clouds
15/05/2026 07:31,Hamburg,4.56,94,1000,1.54,clear sky
15/05/2026 07:36,London,6.2,89,1006,2.57,few clouds
15/05/2026 07:36,Hamburg,4.56,94,1000,1.54,clear sky
15/05/2026 07:41,London,6.42,88,1006,2.57,overcast clouds
15/05/2026 07:41,Hamburg,5.22,94,1001,1.34,clear sky
15/05/2026 07:46,London,6.42,88,1006,2.57,overcast clouds
15/05/2026 07:46,Hamburg,5.22,94,1001,1.34,clear sky
15/05/2026 07:51,London,6.7,87,1006,2.57,overcast clouds
15/05/2026 07:51,Hamburg,5.22,94,1001,1.34,clear sky
15/05/2026 07:56,London,6.7,87,1006,2.57,overcast clouds
15/05/2026 07:56,Hamburg,5.22,94,1001,1.34,clear sky
15/05/2026 08:01,London,6.85,86,1007,2.57,overcast clouds
15/05/2026 08:01,Hamburg,5.22,94,1001,1.34,clear sky
15/05/2026 08:06,London,6.85,86,1007,2.57,overcast clouds
15/05/2026 08:06,Hamburg,5.22,94,1001,1.34,clear sky
15/05/2026 08:11,London,7.1,84,1006,2.57,scattered clouds
15/05/2026 08:11,Hamburg,5.75,92,1000,2.06,clear sky
15/05/2026 08:16,London,7.1,84,1006,2.57,scattered clouds
15/05/2026 08:16,Hamburg,5.75,92,1000,2.06,clear sky
15/05/2026 08:21,London,7.36,84,1006,2.57,scattered clouds
15/05/2026 08:21,Hamburg,6.49,89,1000,2.06,clear sky
15/05/2026 08:26,London,7.36,84,1006,2.57,scattered clouds
15/05/2026 08:26,Hamburg,6.49,89,1000,2.06,clear sky
15/05/2026 08:31,London,7.72,82,1006,2.57,scattered clouds
15/05/2026 08:31,Hamburg,7.25,86,1001,2.06,clear sky
15/05/2026 08:36,London,7.72,82,1006,2.57,scattered clouds
15/05/2026 08:36,Hamburg,7.25,86,1000,2.06,clear sky
15/05/2026 08:41,London,7.88,82,1007,2.06,scattered clouds
15/05/2026 08:41,Hamburg,7.87,81,1001,2.57,clear sky
15/05/2026 08:46,London,7.88,82,1007,2.06,scattered clouds
15/05/2026 08:46,Hamburg,7.87,81,1001,2.57,clear sky
15/05/2026 08:51,London,8.22,80,1007,2.06,scattered clouds
15/05/2026 08:51,Hamburg,8.32,82,1001,2.57,clear sky
15/05/2026 08:56,London,8.22,80,1007,2.06,scattered clouds
15/05/2026 08:56,Hamburg,8.32,82,1001,2.57,clear sky
15/05/2026 09:01,London,8.43,80,1007,2.06,scattered clouds
15/05/2026 09:01,Hamburg,8.32,82,1001,2.57,clear sky
15/05/2026 09:06,London,8.43,80,1007,2.06,scattered clouds
15/05/2026 09:06,Hamburg,9.45,73,1000,4.12,clear sky
15/05/2026 09:11,London,8.47,80,1006,1.54,overcast clouds
15/05/2026 09:11,Hamburg,9.45,73,1000,4.12,clear sky
15/05/2026 09:16,London,8.47,80,1006,1.54,overcast clouds
15/05/2026 09:16,Hamburg,9.55,76,1000,4.12,clear sky
15/05/2026 09:21,London,9.17,76,1006,1.79,overcast clouds
15/05/2026 09:21,Hamburg,9.55,76,1000,4.12,clear sky
15/05/2026 09:26,London,9.17,76,1006,1.79,overcast clouds
15/05/2026 09:26,Hamburg,9.55,76,1000,4.12,clear sky
15/05/2026 09:31,London,9.03,76,1006,1.54,overcast clouds
15/05/2026 09:31,Hamburg,9.55,76,1000,4.12,clear sky
15/05/2026 09:36,London,9.37,75,1007,1.79,overcast clouds
15/05/2026 09:36,Hamburg,9.59,76,1000,4.12,clear sky
15/05/2026 09:41,London,9.61,74,1007,2.57,few clouds
15/05/2026 09:41,Hamburg,9.59,73,1001,5.14,few clouds
15/05/2026 09:46,London,9.61,74,1007,2.57,few clouds
15/05/2026 09:46,Hamburg,9.59,73,1001,5.14,few clouds
15/05/2026 09:51,London,9.68,73,1007,2.57,few clouds
15/05/2026 09:51,Hamburg,9.92,73,1001,5.14,few clouds
15/05/2026 09:56,London,9.68,73,1007,2.57,few clouds
15/05/2026 09:56,Hamburg,9.92,73,1001,5.14,few clouds
15/05/2026 10:01,London,9.64,73,1007,2.57,few clouds
15/05/2026 10:01,Hamburg,9.63,72,1001,5.14,few clouds
15/05/2026 10:06,London,9.64,73,1007,2.57,few clouds
15/05/2026 10:06,Hamburg,9.63,72,1001,5.14,few clouds
15/05/2026 10:11,London,9.82,72,1006,3.6,broken clouds
15/05/2026 10:11,Hamburg,10.29,69,1000,4.12,few clouds
15/05/2026 10:16,London,9.82,72,1006,3.6,broken clouds
15/05/2026 10:16,Hamburg,10.29,69,1000,4.12,few clouds
15/05/2026 10:21,London,10.06,71,1006,3.6,broken clouds
15/05/2026 10:21,Hamburg,10.51,66,1000,4.12,few clouds
15/05/2026 10:26,London,10.06,71,1006,3.6,broken clouds
15/05/2026 10:26,Hamburg,10.51,66,1000,4.12,few clouds
15/05/2026 10:31,London,10.35,69,1007,2.68,overcast clouds
15/05/2026 10:31,Hamburg,10.51,66,1001,4.12,few clouds
15/05/2026 10:36,London,10.53,68,1007,2.24,overcast clouds
15/05/2026 10:36,Hamburg,10.51,66,1000,4.12,few clouds
15/05/2026 10:41,London,10.53,68,1007,2.24,overcast clouds
15/05/2026 10:41,Hamburg,10.51,65,1001,5.14,few clouds
15/05/2026 10:46,London,10.48,67,1007,3.6,scattered clouds
15/05/2026 10:46,Hamburg,10.51,65,1001,5.14,few clouds
15/05/2026 10:51,London,10.48,67,1007,3.6,scattered clouds
15/05/2026 10:51,Hamburg,10.54,64,1001,5.14,few clouds
15/05/2026 10:56,London,10.6,66,1007,3.6,scattered clouds
15/05/2026 10:56,Hamburg,10.54,64,1001,5.14,few clouds
15/05/2026 11:01,London,10.6,66,1007,3.6,scattered clouds
15/05/2026 11:01,Hamburg,10.54,64,1001,5.14,few clouds
15/05/2026 11:06,London,10.42,66,1007,3.6,scattered clouds
15/05/2026 11:06,Hamburg,11.16,59,1000,4.63,few clouds
15/05/2026 11:11,London,10.03,66,1007,4.63,scattered clouds
15/05/2026 11:11,Hamburg,11.16,59,1000,4.63,few clouds
15/05/2026 11:16,London,10.03,66,1007,4.63,scattered clouds
15/05/2026 11:16,Hamburg,11.54,56,1000,4.63,few clouds
15/05/2026 11:21,London,10.09,65,1007,4.63,scattered clouds
15/05/2026 11:21,Hamburg,11.54,56,1000,4.63,few clouds
15/05/2026 11:26,London,10.09,65,1007,4.63,scattered clouds
15/05/2026 11:26,Hamburg,11.55,56,1000,4.63,few clouds
15/05/2026 11:31,London,10.08,65,1007,4.63,scattered clouds
15/05/2026 11:31,Hamburg,11.55,56,1000,4.63,few clouds
15/05/2026 11:36,London,9.99,64,1007,4.63,scattered clouds
15/05/2026 11:36,Hamburg,11.55,56,1000,4.63,few clouds
15/05/2026 11:41,London,10.24,64,1007,4.63,scattered clouds
15/05/2026 11:41,Hamburg,12.13,54,1001,5.14,scattered clouds
15/05/2026 11:46,London,10.24,64,1007,4.63,scattered clouds
15/05/2026 11:46,Hamburg,12.13,54,1001,5.14,scattered clouds
15/05/2026 11:51,London,10.32,64,1007,4.63,scattered clouds
15/05/2026 11:51,Hamburg,12.13,54,1001,5.14,scattered clouds
15/05/2026 11:56,London,10.32,64,1007,4.63,scattered clouds
15/05/2026 11:57,Hamburg,12.13,54,1001,5.14,scattered clouds
15/05/2026 12:02,London,10.64,63,1007,4.63,scattered clouds
15/05/2026 12:02,Hamburg,12.13,55,1001,5.14,scattered clouds
15/05/2026 12:07,London,10.55,64,1007,4.63,scattered clouds
15/05/2026 12:07,Hamburg,12.13,55,1001,5.14,scattered clouds
15/05/2026 12:12,London,10.89,62,1007,4.12,few clouds
15/05/2026 12:12,Hamburg,12.17,53,1000,6.17,scattered clouds
15/05/2026 12:17,London,10.89,62,1007,4.12,few clouds
15/05/2026 12:17,Hamburg,12.17,53,1000,6.17,scattered clouds
15/05/2026 12:22,London,11.27,62,1007,4.12,few clouds
15/05/2026 12:22,Hamburg,12.52,52,1000,6.17,scattered clouds
15/05/2026 12:27,London,11.27,62,1007,4.12,few clouds
15/05/2026 12:27,Hamburg,12.52,52,1000,6.17,scattered clouds
15/05/2026 12:32,London,11.82,61,1007,2.24,overcast clouds
15/05/2026 12:32,Hamburg,12.55,51,1000,6.17,scattered clouds
15/05/2026 12:37,London,11.82,61,1007,2.24,overcast clouds
15/05/2026 12:37,Hamburg,12.55,51,1000,6.17,scattered clouds
15/05/2026 12:42,London,12.06,60,1008,3.58,overcast clouds
15/05/2026 12:42,Hamburg,13.18,51,1001,5.66,scattered clouds
15/05/2026 12:47,London,12.06,60,1008,3.58,overcast clouds
15/05/2026 12:47,Hamburg,13.18,51,1001,5.66,scattered clouds
15/05/2026 12:52,London,11.65,61,1007,2.24,overcast clouds
15/05/2026 12:52,Hamburg,13.11,51,1001,5.66,scattered clouds
15/05/2026 12:57,London,11.65,61,1007,2.24,overcast clouds
15/05/2026 12:57,Hamburg,13.11,51,1001,5.66,scattered clouds
15/05/2026 13:02,London,11.84,60,1007,2.24,overcast clouds
15/05/2026 13:02,Hamburg,13.07,51,1001,5.66,scattered clouds
15/05/2026 13:07,London,11.84,60,1007,2.24,overcast clouds
15/05/2026 13:07,Hamburg,13.14,51,1000,6.17,scattered clouds
15/05/2026 13:12,London,11.84,60,1007,2.24,overcast clouds
15/05/2026 13:12,Hamburg,13.14,51,1000,6.17,scattered clouds
15/05/2026 13:17,London,11.75,59,1007,4.63,scattered clouds
15/05/2026 13:17,Hamburg,13.18,51,1000,6.17,scattered clouds
15/05/2026 13:22,London,11.75,59,1007,4.63,scattered clouds
15/05/2026 13:22,Hamburg,13.18,51,1000,6.17,scattered clouds
15/05/2026 13:27,London,11.71,60,1007,4.63,scattered clouds
15/05/2026 13:27,Hamburg,13.21,51,1000,6.17,scattered clouds
,,,,,,
15/05/2026 14:55,London,13.64,48,1007,4.63,overcast clouds
15/05/2026 14:55,Hamburg,13.83,47,1001,6.69,few clouds
15/05/2026 18:15,London,13.55,42,1007,3.09,overcast clouds
15/05/2026 18:15,Hamburg,9.43,78,1001,4.12,heavy intensity shower rain
15/05/2026 22:13,London,10.02,56,1007,1.54,overcast clouds
15/05/2026 22:13,Hamburg,6.8,92,1002,2.57,few clouds
16/05/2026 07:26,London,9.08,67,1008,3.6,broken clouds
16/05/2026 07:26,Hamburg,9.63,78,1004,6.17,broken clouds
16/05/2026 14:40,London,14.29,57,1008,5.66,overcast clouds
16/05/2026 14:40,Hamburg,11.78,62,1007,7.2,few clouds
16/05/2026 18:10,London,12.48,77,1008,6.69,light rain
16/05/2026 18:10,Hamburg,10.66,68,1008,4.63,clear sky
16/05/2026 21:06,London,11.54,88,1008,2.68,broken clouds
16/05/2026 21:06,Hamburg,7.3,85,1010,3.09,few clouds
17/05/2026 00:11,London,11.38,88,1008,3.6,broken clouds
17/05/2026 00:11,Hamburg,5.78,93,1011,1.54,clear sky
17/05/2026 08:36,London,12.82,78,1010,3.09,few clouds
17/05/2026 08:36,Hamburg,13.52,55,1013,4.63,few clouds
17/05/2026 12:08,London,16.04,50,1009,4.63,overcast clouds
17/05/2026 12:08,Hamburg,15.9,52,1013,5.14,clear sky
17/05/2026 15:45,London,16.82,41,1009,5.14,overcast clouds
17/05/2026 15:45,Hamburg,14.91,55,1014,3.6,clear sky
17/05/2026 20:08,London,11.59,74,1011,3.09,overcast clouds
17/05/2026 20:08,Hamburg,14.24,63,1014,2.57,few clouds
17/05/2026 23:42,London,9.24,80,1011,4.12,overcast clouds
17/05/2026 23:42,Hamburg,11.09,76,1014,2.57,clear sky
18/05/2026 12:55,London,14.23,63,1012,6.17,overcast clouds
18/05/2026 12:55,Hamburg,18.34,55,1013,4.12,clear sky
18/05/2026 19:15,London,12.98,63,1012,5.14,overcast clouds
18/05/2026 19:15,Hamburg,12.06,93,1015,2.57,moderate rain
18/05/2026 22:39,London,11.83,75,1012,3.09,light rain
18/05/2026 22:39,Hamburg,11.4,98,1015,1.54,few clouds
19/05/2026 10:51,London,16.1,81,1008,6.69,broken clouds
19/05/2026 10:51,Hamburg,16.97,63,1017,3.6,scattered clouds
19/05/2026 18:23,London,16.12,71,1008,6.69,scattered clouds
19/05/2026 18:23,Hamburg,16.8,53,1016,3.6,few clouds
19/05/2026 22:47,London,13.42,78,1011,5.66,few clouds
19/05/2026 22:47,Hamburg,14.51,67,1017,3.09,clear sky
20/05/2026 10:37,London,17.76,56,1018,7.2,broken clouds
20/05/2026 10:37,Hamburg,14.63,89,1018,6.17,light intensity shower rain
20/05/2026 19:38,London,16.83,71,1022,4.63,scattered clouds
20/05/2026 19:38,Hamburg,12.79,96,1022,2.06,broken clouds
21/05/2026 00:18,London,13.42,82,1024,3.09,broken clouds
21/05/2026 00:18,Hamburg,11.8,94,1023,2.06,clear sky
21/05/2026 12:28,London,21.44,55,1025,4.12,overcast clouds
21/05/2026 12:28,Hamburg,17.84,69,1026,4.12,few clouds
21/05/2026 19:31,London,20.82,57,1025,3.6,overcast clouds
21/05/2026 19:31,Hamburg,15.76,68,1028,3.09,broken clouds
21/05/2026 23:42,London,14.64,75,1025,1.59,overcast clouds
21/05/2026 23:42,Hamburg,10.26,97,1028,0.51,mist
22/05/2026 11:26,London,26.18,48,1024,4.63,broken clouds
22/05/2026 11:26,Hamburg,19.95,65,1029,2.57,broken clouds
22/05/2026 18:25,London,26.09,42,1024,4.63,broken clouds
22/05/2026 18:25,Hamburg,21.4,62,1028,2.57,broken clouds
22/05/2026 22:42,London,20.06,69,1025,2.06,scattered clouds
22/05/2026 22:42,Hamburg,15.32,87,1029,1.03,clear sky
23/05/2026 07:57,London,22.66,63,1026,1.54,broken clouds
23/05/2026 07:57,Hamburg,20.56,71,1027,4.12,clear sky
23/05/2026 11:50,London,27.72,47,1027,2.57,few clouds
23/05/2026 11:50,Hamburg,25.97,50,1027,3.09,clear sky
23/05/2026 15:51,London,28.5,39,1027,4.12,broken clouds
23/05/2026 15:51,Hamburg,27.91,42,1026,3.09,clear sky
23/05/2026 20:10,London,22.54,65,1027,5.14,scattered clouds
23/05/2026 20:10,Hamburg,19.83,83,1026,0.51,clear sky
23/05/2026 23:42,London,17.9,77,1029,3.6,broken clouds
23/05/2026 23:42,Hamburg,17.27,91,1027,0.51,clear sky
24/05/2026 09:11,London,23.37,62,1030,0.89,broken clouds
24/05/2026 09:11,Hamburg,19.96,65,1030,3.6,clear sky
24/05/2026 12:50,London,29.31,41,1030,0.89,scattered clouds
24/05/2026 12:50,Hamburg,21.99,50,1031,5.66,clear sky
24/05/2026 16:44,London,28.97,44,1029,6.17,few clouds
24/05/2026 16:44,Hamburg,20.81,56,1031,5.66,clear sky
24/05/2026 20:34,London,23.24,63,1029,4.12,clear sky
24/05/2026 20:34,Hamburg,16.21,74,1032,3.6,clear sky
25/05/2026 12:00,London,31.59,38,1030,5.14,clear sky
25/05/2026 12:00,Hamburg,23,53,1032,3.6,clear sky
25/05/2026 18:13,London,30.06,44,1029,6.69,clear sky
25/05/2026 18:13,Hamburg,22.91,47,1031,3.6,clear sky
25/05/2026 22:17,London,23,63,1030,3.6,clear sky
25/05/2026 22:17,Hamburg,15.86,83,1030,1.54,clear sky
26/05/2026 19:31,London,29.38,37,1024,4.12,few clouds
26/05/2026 19:31,Hamburg,21.92,60,1024,4.63,clear sky
27/05/2026 00:17,London,21.94,62,1025,1.6,clear sky
27/05/2026 00:17,Hamburg,14.84,83,1024,3.6,clear sky
27/05/2026 21:05,London,16.98,71,1023,7.2,clear sky
27/05/2026 21:05,Hamburg,11.92,66,1025,4.12,clear sky
28/05/2026 11:06,London,27.15,54,1021,4.02,scattered clouds
28/05/2026 11:06,Hamburg,17.54,57,1026,3.6,clear sky
28/05/2026 19:55,London,25.78,56,1020,2.32,overcast clouds
28/05/2026 19:55,Hamburg,15.92,67,1025,2.57,clear sky
29/05/2026 00:20,London,22.55,60,1020,2.24,overcast clouds
29/05/2026 00:20,Hamburg,9.29,96,1024,1.54,clear sky
29/05/2026 12:29,London,24.33,47,1022,3.6,overcast clouds
29/05/2026 12:29,Hamburg,25.44,23,1022,4.12,clear sky
29/05/2026 21:15,London,20.29,50,1023,1.57,scattered clouds
29/05/2026 21:15,Hamburg,18.51,91,1020,4.63,few clouds
30/05/2026 07:36,London,20.16,59,1020,1.79,overcast clouds
30/05/2026 07:36,Hamburg,16.54,80,1020,4.63,few clouds
30/05/2026 12:14,London,27.63,38,1018,2.57,overcast clouds
30/05/2026 12:14,Hamburg,20.71,60,1019,7.2,scattered clouds
30/05/2026 16:14,London,26.98,46,1016,6.17,overcast clouds
30/05/2026 16:14,Hamburg,19.92,54,1018,8.23,clear sky
30/05/2026 20:16,London,22.21,53,1015,0.45,overcast clouds
30/05/2026 20:16,Hamburg,15.74,71,1017,3.09,clear sky
30/05/2026 23:44,London,19.85,49,1016,1.34,overcast clouds
30/05/2026 23:44,Hamburg,10.31,96,1016,1.03,broken clouds
31/05/2026 10:00,London,20.08,60,1016,5.14,scattered clouds
31/05/2026 10:00,Hamburg,16.93,67,1013,1.54,few clouds
31/05/2026 15:06,London,22.95,44,1016,6.17,overcast clouds
31/05/2026 15:06,Hamburg,21.7,46,1011,3.6,clear sky
31/05/2026 19:51,London,20.61,51,1017,5.14,few clouds
31/05/2026 19:51,Hamburg,17.92,72,1012,3.6,scattered clouds
31/05/2026 23:52,London,15.96,70,1017,2.85,few clouds
31/05/2026 23:52,Hamburg,13.23,89,1014,1.34,few clouds
01/06/2026 19:31,London,18.08,76,1010,5.14,broken clouds
01/06/2026 19:31,Hamburg,18.13,52,1014,2.06,clear sky
02/06/2026 12:14,London,18.73,73,1002,3.6,few clouds
02/06/2026 12:14,Hamburg,23.9,46,1007,8.23,clear sky
02/06/2026 22:09,London,14.68,84,1006,1.79,scattered clouds
02/06/2026 22:09,Hamburg,17.79,80,1003,3.58,overcast clouds
03/06/2026 15:59,London,19.05,73,998,4.02,broken clouds
03/06/2026 15:59,Hamburg,18.82,64,1006,5.81,broken clouds
03/06/2026 23:16,London,14.65,80,997,4.02,broken clouds
03/06/2026 23:16,Hamburg,15.29,79,1003,4.02,overcast clouds
04/06/2026 10:51,London,17.13,69,996,6.26,overcast clouds
04/06/2026 10:51,Hamburg,17.9,71,1001,5.36,overcast clouds
04/06/2026 19:35,London,16,75,1001,1.34,scattered clouds
04/06/2026 19:35,Hamburg,14.72,88,1001,3.58,overcast clouds
05/06/2026 08:57,London,16.07,66,1011,4.02,broken clouds
05/06/2026 08:57,Hamburg,16.69,78,1009,4.92,broken clouds
05/06/2026 17:25,London,17.5,53,1011,4.47,overcast clouds
05/06/2026 17:25,Hamburg,15.38,86,1013,2.68,broken clouds
05/06/2026 22:44,London,13.05,72,1012,1.79,overcast clouds
05/06/2026 22:44,Hamburg,10.75,99,1015,1.25,overcast clouds
06/06/2026 09:10,London,13.07,87,1005,5.36,overcast clouds
06/06/2026 09:10,Hamburg,19.3,72,1016,3.17,broken clouds
06/06/2026 14:56,London,14.93,86,1004,3.13,overcast clouds
06/06/2026 14:56,Hamburg,20.48,60,1014,4.47,overcast clouds
06/06/2026 16:35,London,14.67,88,1005,4.47,light rain
06/06/2026 16:35,Hamburg,20.48,55,1014,1.34,overcast clouds
06/06/2026 18:41,London,14.21,88,1008,4.47,overcast clouds
06/06/2026 18:41,Hamburg,19.82,77,1014,1.79,overcast clouds
06/06/2026 20:36,London,13.94,85,1010,5.81,overcast clouds
06/06/2026 20:36,Hamburg,16,86,1015,4.59,light rain
06/06/2026 22:31,London,13.94,80,1012,3.13,overcast clouds
06/06/2026 22:31,Hamburg,14.82,95,1015,1.56,light rain
07/06/2026 01:33,London,12.44,81,1016,3.58,broken clouds
07/06/2026 01:33,Hamburg,14.82,95,1015,2.24,overcast clouds
07/06/2026 06:43,London,13.23,81,1019,2.68,overcast clouds
07/06/2026 06:43,Hamburg,15.28,82,1016,4.92,overcast clouds
07/06/2026 10:10,London,17.32,67,1019,4.02,broken clouds
07/06/2026 10:10,Hamburg,13.91,95,1017,5.36,overcast clouds
07/06/2026 12:03,London,17.96,67,1020,6.26,broken clouds
07/06/2026 12:03,Hamburg,18.22,79,1018,5.57,overcast clouds
07/06/2026 14:22,London,18.72,65,1019,4.02,overcast clouds
07/06/2026 14:22,Hamburg,16.53,92,1019,5.43,overcast clouds
07/06/2026 15:48,London,18.64,64,1019,3.58,overcast clouds
07/06/2026 15:48,Hamburg,15.46,93,1019,4.85,light rain
07/06/2026 17:42,London,17.66,67,1019,4.02,overcast clouds
07/06/2026 17:42,Hamburg,16.59,90,1020,1.79,broken clouds
07/06/2026 19:48,London,16.18,71,1018,4.02,overcast clouds
07/06/2026 19:48,Hamburg,15.48,85,1021,2.68,scattered clouds
07/06/2026 21:38,London,15.3,77,1018,3.13,overcast clouds
07/06/2026 21:38,Hamburg,14.05,89,1021,2.19,scattered clouds
07/06/2026 23:31,London,15.03,79,1017,3.13,overcast clouds
07/06/2026 23:31,Hamburg,11.67,98,1021,1.67,scattered clouds
08/06/2026 05:04,London,13.94,85,1014,2.68,overcast clouds
08/06/2026 05:04,Hamburg,11.78,99,1020,1.79,scattered clouds
08/06/2026 09:58,London,14.64,88,1013,1.79,heavy intensity rain
08/06/2026 09:58,Hamburg,19.37,72,1018,2.5,overcast clouds
08/06/2026 14:31,London,15.03,80,1012,3.58,light rain
08/06/2026 14:31,Hamburg,21.5,59,1014,3.58,overcast clouds
08/06/2026 18:09,London,15.98,76,1012,3.58,scattered clouds
08/06/2026 18:09,Hamburg,21.49,60,1012,3.13,overcast clouds
08/06/2026 20:36,London,14.14,69,1014,4.23,few clouds
08/06/2026 20:36,Hamburg,17.71,83,1010,2.57,overcast clouds
08/06/2026 22:51,London,11.99,75,1015,2.68,few clouds
08/06/2026 22:51,Hamburg,17.12,84,1009,3.91,overcast clouds
09/06/2026 00:16,London,11.02,76,1014,1.79,few clouds
09/06/2026 00:16,Hamburg,17.38,79,1008,4.65,overcast clouds
09/06/2026 04:38,London,9.44,84,1014,2.68,light rain
09/06/2026 04:38,Hamburg,13.71,87,1009,4.02,light rain
09/06/2026 08:42,London,14.58,69,1014,2.24,scattered clouds
09/06/2026 08:42,Hamburg,14.09,89,1010,3.58,moderate rain
09/06/2026 12:18,London,17.14,53,1013,5.81,broken clouds
09/06/2026 12:18,Hamburg,15.67,68,1011,4.47,broken clouds
09/06/2026 15:29,London,19.28,43,1013,4.47,broken clouds
09/06/2026 15:29,Hamburg,16.78,58,1013,4.47,broken clouds
09/06/2026 18:24,London,18.01,44,1013,4.02,broken clouds
09/06/2026 18:24,Hamburg,13.1,82,1013,1.79,broken clouds
09/06/2026 21:14,London,14.36,60,1014,3.13,clear sky
09/06/2026 21:14,Hamburg,10.49,95,1014,1.79,broken clouds
09/06/2026 22:53,London,12.82,69,1016,2.68,clear sky
09/06/2026 22:53,Hamburg,11.49,89,1014,2.24,broken clouds
10/06/2026 01:33,London,11.1,78,1015,1.34,few clouds
10/06/2026 01:33,Hamburg,9.27,91,1014,3.36,clear sky
10/06/2026 06:44,London,11.72,79,1016,2.68,overcast clouds
10/06/2026 06:44,Hamburg,12.79,81,1015,3.58,clear sky
10/06/2026 11:05,London,16.07,62,1016,3.13,overcast clouds
10/06/2026 11:05,Hamburg,18.82,59,1014,4.79,few clouds
10/06/2026 14:30,London,16.73,59,1015,2.68,overcast clouds
10/06/2026 14:30,Hamburg,13.81,72,1015,5.81,light rain
10/06/2026 18:10,London,14.48,77,1016,0.89,broken clouds
10/06/2026 18:10,Hamburg,14.63,67,1016,4.02,light rain
10/06/2026 20:47,London,11.4,84,1018,0.89,light rain
10/06/2026 20:47,Hamburg,12.39,81,1016,1.17,overcast clouds
10/06/2026 22:58,London,11.08,87,1019,0.45,few clouds
10/06/2026 22:58,Hamburg,9.27,95,1017,1.23,overcast clouds
11/06/2026 01:42,London,10.02,88,1019,1.79,overcast clouds
11/06/2026 01:42,Hamburg,8.16,96,1017,1.39,overcast clouds
11/06/2026 07:10,London,11.74,86,1020,2.24,overcast clouds
11/06/2026 07:10,Hamburg,12.71,83,1018,1.34,few clouds
11/06/2026 11:50,London,12.14,88,1019,3.13,moderate rain
11/06/2026 11:50,Hamburg,16.47,56,1018,4.92,scattered clouds
11/06/2026 16:31,London,14.85,89,1015,4.92,overcast clouds
11/06/2026 16:31,Hamburg,16.59,56,1017,2.24,broken clouds
11/06/2026 19:48,London,16.43,86,1016,3.13,overcast clouds
11/06/2026 19:48,Hamburg,11.79,89,1018,2.24,overcast clouds
11/06/2026 22:18,London,16.12,86,1017,4.02,overcast clouds
11/06/2026 22:18,Hamburg,10.48,94,1018,1.74,overcast clouds
11/06/2026 23:56,London,15.95,86,1018,4.02,overcast clouds
11/06/2026 23:56,Hamburg,10.13,97,1018,0.89,overcast clouds
12/06/2026 05:08,London,15.74,86,1018,4.02,overcast clouds
12/06/2026 05:08,Hamburg,11.59,87,1015,2.24,overcast clouds
12/06/2026 09:15,London,17.39,82,1019,4.47,overcast clouds
12/06/2026 09:15,Hamburg,13.81,83,1014,3.58,light rain
12/06/2026 12:34,London,20.33,73,1020,3.58,overcast clouds
12/06/2026 12:34,Hamburg,15.21,94,1014,2.68,overcast clouds
12/06/2026 16:28,London,22.07,59,1019,4.47,overcast clouds
12/06/2026 16:28,Hamburg,17.08,84,1014,5.67,broken clouds
12/06/2026 19:24,London,19.19,62,1020,4.92,broken clouds
12/06/2026 19:24,Hamburg,15.42,80,1015,4.37,overcast clouds
12/06/2026 22:01,London,15.82,73,1021,3.58,scattered clouds
12/06/2026 22:01,Hamburg,12.6,84,1015,1.79,scattered clouds
12/06/2026 23:55,London,14.09,80,1021,3.13,few clouds
12/06/2026 23:55,Hamburg,12.8,92,1014,1.79,broken clouds
13/06/2026 04:54,London,12.64,87,1021,2.68,few clouds
13/06/2026 04:54,Hamburg,13.91,95,1013,3.13,scattered clouds
13/06/2026 08:33,London,16.37,63,1022,3.13,clear sky
13/06/2026 08:33,Hamburg,17.64,75,1012,6.6,scattered clouds
13/06/2026 11:25,London,18.65,54,1021,1.79,scattered clouds
13/06/2026 11:25,Hamburg,15.67,73,1012,8.05,broken clouds
13/06/2026 14:30,London,21.32,46,1020,2.68,broken clouds
13/06/2026 14:30,Hamburg,14.72,79,1012,6.26,heavy intensity rain
13/06/2026 16:51,London,21.87,44,1020,1.34,broken clouds
13/06/2026 16:51,Hamburg,14.7,75,1012,7.6,few clouds
13/06/2026 18:47,London,20.14,50,1020,0.89,scattered clouds
13/06/2026 18:47,Hamburg,12.71,85,1013,3.13,clear sky
13/06/2026 20:41,London,17.66,58,1021,0.45,broken clouds
13/06/2026 20:41,Hamburg,11.5,92,1013,2.68,clear sky
13/06/2026 22:32,London,15.39,64,1021,0.45,overcast clouds
13/06/2026 22:32,Hamburg,11.49,88,1012,3.58,scattered clouds
14/06/2026 01:38,London,12.83,72,1021,0.89,scattered clouds
14/06/2026 01:38,Hamburg,9.82,92,1010,3.58,light rain
14/06/2026 06:59,London,14.45,71,1021,1.34,scattered clouds
14/06/2026 06:59,Hamburg,12.68,95,1010,5.64,overcast clouds
14/06/2026 10:32,London,18.06,55,1020,0.89,scattered clouds
14/06/2026 10:32,Hamburg,14.1,84,1009,6.26,broken clouds
14/06/2026 13:06,London,20.77,50,1019,0.89,overcast clouds
14/06/2026 13:06,Hamburg,15.58,66,1010,8.94,scattered clouds
14/06/2026 15:20,London,21.21,50,1018,1.34,overcast clouds
14/06/2026 15:20,Hamburg,14.92,70,1010,6.26,scattered clouds
14/06/2026 16:49,London,20.7,52,1018,2.24,overcast clouds
14/06/2026 16:49,Hamburg,14.19,73,1010,5.36,few clouds
14/06/2026 18:46,London,19.76,54,1018,0.45,overcast clouds
14/06/2026 18:46,Hamburg,13.8,77,1011,6.71,few clouds
14/06/2026 20:42,London,18.05,59,1019,1.34,overcast clouds
14/06/2026 20:42,Hamburg,11.78,89,1011,4.92,scattered clouds
14/06/2026 22:36,London,16.63,66,1018,1.93,overcast clouds
14/06/2026 22:36,Hamburg,11.59,91,1010,4.47,broken clouds
15/06/2026 01:42,London,14.67,78,1018,1.79,overcast clouds
15/06/2026 01:42,Hamburg,11.59,95,1009,3.58,overcast clouds
15/06/2026 07:41,London,13.88,81,1017,2.24,overcast clouds
15/06/2026 07:41,Hamburg,13.8,81,1010,5.36,broken clouds
15/06/2026 14:38,London,21.45,53,1013,3.13,overcast clouds
15/06/2026 14:38,Hamburg,14.01,66,1012,5.81,broken clouds
15/06/2026 19:09,London,19.33,68,1011,2.68,overcast clouds
15/06/2026 19:09,Hamburg,13.7,69,1013,5.81,clear sky
15/06/2026 21:51,London,15.9,79,1011,1.34,overcast clouds
15/06/2026 21:51,Hamburg,12.6,77,1014,2.68,broken clouds
16/06/2026 00:03,London,15.38,83,1011,2.24,light rain
16/06/2026 00:03,Hamburg,11.59,77,1014,2.24,broken clouds
16/06/2026 05:37,London,15.93,86,1013,0.89,overcast clouds
16/06/2026 05:37,Hamburg,11.4,83,1014,2.24,overcast clouds
16/06/2026 11:37,London,23.76,54,1014,2.68,scattered clouds
16/06/2026 11:37,Hamburg,17.71,66,1014,3.18,overcast clouds
16/06/2026 17:24,London,24.61,52,1014,4.47,overcast clouds
16/06/2026 17:24,Hamburg,17.61,52,1015,4.02,broken clouds
16/06/2026 21:21,London,19.66,73,1015,3.58,overcast clouds
16/06/2026 21:21,Hamburg,12.49,77,1016,1.79,scattered clouds
16/06/2026 22:59,London,18.39,78,1016,3.13,overcast clouds
16/06/2026 22:59,Hamburg,10.37,86,1017,1.79,scattered clouds
17/06/2026 01:43,London,17.08,84,1016,2.24,overcast clouds
17/06/2026 01:43,Hamburg,8.72,92,1018,1.04,overcast clouds
17/06/2026 07:30,London,18.17,87,1017,4.02,overcast clouds
17/06/2026 07:30,Hamburg,13.9,68,1019,1.38,overcast clouds
17/06/2026 12:31,London,24.5,59,1016,5.36,broken clouds
17/06/2026 12:31,Hamburg,22.78,61,1018,3.92,overcast clouds
17/06/2026 16:44,London,24.06,66,1017,4.47,overcast clouds
17/06/2026 16:44,Hamburg,20.48,70,1018,3.58,overcast clouds
17/06/2026 19:31,London,21.69,73,1017,3.13,broken clouds
17/06/2026 19:31,Hamburg,18.78,89,1018,1.93,broken clouds
17/06/2026 22:15,London,19.3,81,1017,3.13,scattered clouds
17/06/2026 22:15,Hamburg,17.7,95,1018,1.79,overcast clouds
17/06/2026 23:52,London,18.24,84,1018,1.79,scattered clouds
17/06/2026 23:52,Hamburg,17.6,95,1018,1.79,overcast clouds
18/06/2026 05:07,London,17.37,87,1018,2.24,broken clouds
18/06/2026 05:07,Hamburg,17.79,95,1018,0.45,scattered clouds
18/06/2026 09:48,London,21.09,78,1017,4.02,overcast clouds
18/06/2026 09:48,Hamburg,23.18,71,1019,2.24,overcast clouds
18/06/2026 13:43,London,25.04,61,1016,0.89,overcast clouds
18/06/2026 13:43,Hamburg,25.55,60,1018,3.13,overcast clouds
18/06/2026 17:32,London,23.72,65,1014,1.79,overcast clouds
18/06/2026 17:32,Hamburg,24.82,64,1018,3.13,overcast clouds
18/06/2026 20:40,London,22.34,73,1014,0.89,scattered clouds
18/06/2026 20:40,Hamburg,21.4,82,1018,1.63,broken clouds
18/06/2026 23:12,London,19.92,80,1013,0.89,few clouds
18/06/2026 23:12,Hamburg,19.71,88,1017,1.79,overcast clouds
19/06/2026 02:08,London,17.43,85,1012,1.35,clear sky
19/06/2026 02:08,Hamburg,19.8,88,1016,1.43,overcast clouds
19/06/2026 07:31,London,20.97,76,1012,1.79,clear sky
19/06/2026 07:31,Hamburg,20.45,97,1017,2.92,overcast clouds
19/06/2026 12:20,London,29.27,53,1011,2.24,clear sky
19/06/2026 12:20,Hamburg,28.33,74,1015,1.91,broken clouds
19/06/2026 15:45,London,29.32,44,1012,4.47,broken clouds
19/06/2026 15:45,Hamburg,29.94,40,1015,2.68,clear sky
19/06/2026 18:10,London,27.12,52,1011,2.24,broken clouds
19/06/2026 18:10,Hamburg,29.92,50,1014,1.34,clear sky
19/06/2026 20:05,London,24.33,60,1013,2.68,clear sky
19/06/2026 20:05,Hamburg,24.44,85,1015,1.13,clear sky
19/06/2026 21:37,London,22.42,69,1014,2.68,clear sky
19/06/2026 21:37,Hamburg,22.71,88,1016,2.62,clear sky
19/06/2026 23:17,London,20.11,77,1014,4.02,clear sky
19/06/2026 23:17,Hamburg,23.51,83,1015,3.13,clear sky
20/06/2026 01:32,London,18.5,82,1015,1.79,overcast clouds
20/06/2026 01:32,Hamburg,22.69,78,1015,1.34,overcast clouds
20/06/2026 06:43,London,18.96,84,1017,2.68,overcast clouds
20/06/2026 06:43,Hamburg,19.92,90,1017,3.58,light rain
20/06/2026 10:15,London,22.91,72,1018,1.34,broken clouds
20/06/2026 10:15,Hamburg,27.64,69,1017,3.15,overcast clouds
20/06/2026 12:11,London,24.65,68,1019,0.89,broken clouds
20/06/2026 12:11,Hamburg,28.82,49,1018,2.24,overcast clouds
20/06/2026 14:34,London,25.32,65,1019,1.79,overcast clouds
20/06/2026 14:34,Hamburg,30.48,36,1018,3.58,overcast clouds
20/06/2026 16:54,London,24.76,67,1020,1.79,overcast clouds
20/06/2026 16:54,Hamburg,30.48,35,1018,2.24,broken clouds
20/06/2026 18:49,London,23.81,67,1020,2.05,overcast clouds
20/06/2026 18:49,Hamburg,19.8,88,1020,2.96,few clouds
20/06/2026 20:43,London,22.88,72,1022,1.64,scattered clouds
20/06/2026 20:43,Hamburg,22.67,78,1021,2.11,clear sky
20/06/2026 22:36,London,20.68,79,1022,0.45,scattered clouds
20/06/2026 22:36,Hamburg,21.38,78,1022,2.24,clear sky
21/06/2026 01:41,London,18.45,83,1022,0.57,scattered clouds
21/06/2026 01:41,Hamburg,18.71,91,1023,1.34,few clouds
21/06/2026 07:12,London,21.74,79,1024,1.43,scattered clouds
21/06/2026 07:12,Hamburg,20.58,78,1025,2.24,overcast clouds
21/06/2026 10:49,London,27.77,56,1025,0.45,overcast clouds
21/06/2026 10:49,Hamburg,23.81,65,1026,1.79,overcast clouds
21/06/2026 13:19,London,29.25,52,1024,1.34,overcast clouds
21/06/2026 13:19,Hamburg,24.84,64,1026,2.02,overcast clouds
21/06/2026 15:18,London,28.3,56,1024,3.13,overcast clouds
21/06/2026 15:18,Hamburg,25.48,55,1026,2.24,scattered clouds
21/06/2026 16:55,London,28.08,58,1024,2.68,overcast clouds
21/06/2026 16:55,Hamburg,24.01,66,1026,4.47,broken clouds
21/06/2026 18:54,London,25.12,66,1025,2.68,scattered clouds
21/06/2026 18:54,Hamburg,23.81,60,1026,2.68,clear sky
21/06/2026 20:48,London,22.04,74,1026,2.68,few clouds
21/06/2026 20:48,Hamburg,20.48,65,1027,2.68,clear sky
21/06/2026 22:37,London,20.29,81,1026,3.13,few clouds
21/06/2026 22:37,Hamburg,17.61,87,1028,1.96,scattered clouds
22/06/2026 01:42,London,18.38,84,1026,2.24,overcast clouds
22/06/2026 01:42,Hamburg,15.01,87,1028,1.91,clear sky
22/06/2026 07:43,London,20.3,77,1026,1.79,overcast clouds
22/06/2026 07:43,Hamburg,20.67,63,1028,2.24,clear sky
22/06/2026 13:44,London,28.22,57,1025,4.02,few clouds
22/06/2026 13:44,Hamburg,24.02,53,1027,3.13,overcast clouds
22/06/2026 18:29,London,23.86,66,1023,3.13,scattered clouds
22/06/2026 18:29,Hamburg,22.55,46,1026,4.02,broken clouds
22/06/2026 21:36,London,20.51,76,1023,3.13,light rain
22/06/2026 21:36,Hamburg,16.5,79,1026,1.55,overcast clouds
22/06/2026 23:45,London,19.59,75,1023,1.79,overcast clouds
22/06/2026 23:45,Hamburg,14.91,83,1026,1.34,broken clouds
23/06/2026 04:32,London,18.88,90,1021,1.79,broken clouds
23/06/2026 04:32,Hamburg,13.08,91,1024,1.11,overcast clouds
23/06/2026 08:39,London,23.95,79,1020,1.34,clear sky
23/06/2026 08:39,Hamburg,22.5,38,1024,0.89,few clouds
23/06/2026 12:16,London,30.65,53,1019,2.24,few clouds
23/06/2026 12:16,Hamburg,24.96,61,1023,1.95,scattered clouds
23/06/2026 15:26,London,33.78,42,1017,2.24,few clouds
23/06/2026 15:26,Hamburg,25.41,17,1021,2.24,scattered clouds
23/06/2026 18:16,London,32.1,48,1016,2.24,clear sky
23/06/2026 18:16,Hamburg,23.22,53,1020,2.42,scattered clouds
23/06/2026 20:25,London,28.23,65,1017,0.45,clear sky
23/06/2026 20:25,Hamburg,19.33,70,1020,2.32,clear sky
23/06/2026 22:40,London,24.89,77,1017,1.79,clear sky
23/06/2026 22:40,Hamburg,17.69,75,1020,1.34,clear sky
24/06/2026 00:12,London,23.51,81,1016,1.57,clear sky
24/06/2026 00:12,Hamburg,16.5,87,1020,1.96,clear sky
24/06/2026 04:40,London,21.17,85,1016,1.48,clear sky
24/06/2026 04:40,Hamburg,15.01,83,1019,1.79,scattered clouds
24/06/2026 08:34,London,28.53,68,1017,0.89,clear sky
24/06/2026 08:34,Hamburg,25.66,46,1020,0.89,broken clouds
24/06/2026 12:02,London,33.51,53,1017,1.79,clear sky
24/06/2026 12:02,Hamburg,29.92,23,1018,1.79,scattered clouds
24/06/2026 15:11,London,35.01,47,1017,0.89,clear sky
24/06/2026 15:11,Hamburg,30.58,35,1018,2.24,few clouds
24/06/2026 17:21,London,34.38,49,1017,3.13,clear sky
24/06/2026 17:21,Hamburg,29.93,40,1018,2.68,few clouds
24/06/2026 19:02,London,30.24,55,1017,1.34,clear sky
24/06/2026 19:02,Hamburg,26.56,68,1018,2.33,clear sky
24/06/2026 20:59,London,26.84,65,1019,1.79,clear sky
24/06/2026 20:59,Hamburg,23.22,79,1018,1.72,clear sky
24/06/2026 22:41,London,24.94,73,1019,1.79,clear sky
24/06/2026 22:41,Hamburg,21.58,82,1019,1.34,clear sky
25/06/2026 01:28,London,22.2,80,1019,0.89,clear sky
25/06/2026 01:28,Hamburg,18.9,90,1019,1.34,clear sky
25/06/2026 06:29,London,21.68,78,1018,0.89,clear sky
25/06/2026 06:29,Hamburg,20.68,86,1019,2.24,clear sky
25/06/2026 10:21,London,29.6,58,1018,1.79,clear sky
25/06/2026 10:21,Hamburg,25.48,55,1020,2.68,clear sky
25/06/2026 12:34,London,31.65,53,1016,4.47,clear sky
25/06/2026 12:34,Hamburg,27.61,39,1019,3.13,clear sky
25/06/2026 15:47,London,31.97,53,1015,3.13,clear sky
25/06/2026 15:47,Hamburg,28.81,30,1019,3.13,clear sky
25/06/2026 18:27,London,28,65,1014,4.47,clear sky
25/06/2026 18:27,Hamburg,26.59,40,1019,3.58,clear sky
25/06/2026 21:03,London,24.48,73,1014,3.13,scattered clouds
25/06/2026 21:03,Hamburg,22.41,66,1020,2.24,clear sky
25/06/2026 22:49,London,23.26,77,1014,1.79,scattered clouds
25/06/2026 22:49,Hamburg,18.81,82,1021,1.34,clear sky
26/06/2026 01:32,London,22.39,80,1014,0.89,overcast clouds
26/06/2026 01:32,Hamburg,15.48,94,1020,1.67,clear sky
26/06/2026 06:31,London,24.99,78,1012,0.45,broken clouds
26/06/2026 06:31,Hamburg,22.41,67,1020,2.24,clear sky
26/06/2026 10:30,London,33.74,41,1014,1.79,scattered clouds
26/06/2026 10:30,Hamburg,29.12,28,1020,3.13,clear sky
26/06/2026 13:24,London,34.89,35,1014,2.24,scattered clouds
26/06/2026 13:24,Hamburg,32.9,40,1018,4.92,clear sky
26/06/2026 16:29,London,34.61,31,1014,4.02,few clouds
26/06/2026 16:29,Hamburg,34.63,40,1017,4.92,broken clouds
26/06/2026 19:07,London,30.96,45,1015,2.24,few clouds
26/06/2026 19:07,Hamburg,28.22,56,1016,2.7,broken clouds
26/06/2026 20:57,London,27.28,58,1016,1.79,scattered clouds
26/06/2026 20:57,Hamburg,25.46,66,1017,2.37,scattered clouds
26/06/2026 22:38,London,24.87,65,1017,2.58,scattered clouds
26/06/2026 22:38,Hamburg,23.75,79,1017,2.24,scattered clouds
27/06/2026 01:24,London,22.56,69,1018,1.87,overcast clouds
27/06/2026 01:24,Hamburg,22.77,62,1016,1.34,clear sky
27/06/2026 06:04,London,20.68,88,1018,1.59,scattered clouds
27/06/2026 06:04,Hamburg,25.48,40,1016,2.24,broken clouds
27/06/2026 09:07,London,25.95,63,1017,1.79,scattered clouds
27/06/2026 09:07,Hamburg,32.78,36,1017,5.02,overcast clouds
27/06/2026 11:05,London,29.26,46,1017,0.89,broken clouds
27/06/2026 11:05,Hamburg,35.68,28,1016,2.24,broken clouds
27/06/2026 12:44,London,30.68,45,1016,1.79,overcast clouds
27/06/2026 12:44,Hamburg,35.64,35,1016,2.96,broken clouds
27/06/2026 14:56,London,30.18,47,1014,2.68,overcast clouds
27/06/2026 14:56,Hamburg,30.43,62,1016,2.37,broken clouds
27/06/2026 16:34,London,29.67,51,1014,3.13,overcast clouds
27/06/2026 16:34,Hamburg,25.72,52,1015,1.49,overcast clouds
27/06/2026 18:37,London,26.97,58,1014,4.92,overcast clouds
27/06/2026 18:37,Hamburg,27.94,77,1017,2.32,overcast clouds
27/06/2026 20:33,London,24.11,66,1015,3.76,overcast clouds
27/06/2026 20:33,Hamburg,21.47,92,1017,2.33,overcast clouds
27/06/2026 22:30,London,22.36,69,1014,3.48,overcast clouds
27/06/2026 22:30,Hamburg,24.05,74,1015,2.11,overcast clouds
28/06/2026 00:16,London,21.32,70,1013,3.46,broken clouds
28/06/2026 00:16,Hamburg,24.05,78,1014,0.03,overcast clouds
28/06/2026 04:55,London,19.4,78,1016,2.24,clear sky
28/06/2026 04:55,Hamburg,19.91,95,1016,5.36,broken clouds
28/06/2026 08:29,London,22.22,65,1016,5.81,broken clouds
28/06/2026 08:29,Hamburg,24.91,81,1015,2.68,broken clouds
28/06/2026 11:17,London,24.25,57,1017,5.39,broken clouds
28/06/2026 11:17,Hamburg,28.81,63,1016,1.34,scattered clouds
28/06/2026 12:45,London,24.78,53,1018,2.24,overcast clouds
28/06/2026 12:45,Hamburg,29.93,70,1016,3.48,clear sky
28/06/2026 14:58,London,25.4,47,1018,4.92,broken clouds
28/06/2026 14:58,Hamburg,31.53,64,1017,4.05,clear sky
28/06/2026 16:38,London,25.15,46,1018,4.02,broken clouds
28/06/2026 16:38,Hamburg,29.85,55,1018,3.13,clear sky
28/06/2026 18:37,London,22.42,53,1019,1.79,broken clouds
28/06/2026 18:37,Hamburg,24.31,79,1018,1.9,clear sky
28/06/2026 20:37,London,19.87,55,1022,2.68,overcast clouds
28/06/2026 20:37,Hamburg,22.87,85,1020,2.23,moderate rain
28/06/2026 22:17,London,18.61,53,1022,2.24,broken clouds
28/06/2026 22:17,Hamburg,22.81,81,1020,1.29,broken clouds
28/06/2026 23:32,London,17.27,58,1023,2.68,broken clouds
28/06/2026 23:32,Hamburg,21.66,83,1020,1.55,broken clouds
29/06/2026 05:02,London,13.31,79,1025,0.89,clear sky
29/06/2026 05:02,Hamburg,20.42,85,1021,1.94,light rain
29/06/2026 10:00,London,20.44,52,1026,3.13,clear sky
29/06/2026 10:00,Hamburg,20.68,90,1023,1.34,overcast clouds
29/06/2026 14:29,London,23.71,43,1025,2.68,broken clouds
29/06/2026 14:29,Hamburg,25.48,50,1023,4.92,overcast clouds
29/06/2026 17:50,London,22.82,47,1024,1.79,broken clouds
29/06/2026 17:50,Hamburg,23.52,46,1024,4.47,broken clouds
29/06/2026 20:17,London,20.51,55,1024,0.89,overcast clouds
29/06/2026 20:17,Hamburg,18.75,74,1025,2.18,clear sky
29/06/2026 21:45,London,19.37,62,1025,1.34,overcast clouds
29/06/2026 21:45,Hamburg,16.58,73,1025,1.34,clear sky
29/06/2026 23:18,London,18.29,67,1024,1.38,overcast clouds
29/06/2026 23:18,Hamburg,15.56,78,1026,2.24,clear sky
30/06/2026 01:27,London,18.07,68,1024,1.34,overcast clouds
30/06/2026 01:27,Hamburg,14,89,1026,1.34,clear sky
30/06/2026 06:34,London,17.94,72,1023,2.24,overcast clouds
30/06/2026 06:34,Hamburg,18.81,65,1025,2.68,scattered clouds
30/06/2026 10:40,London,20.04,63,1022,2.68,overcast clouds
30/06/2026 10:40,Hamburg,20.02,67,1024,1.79,overcast clouds
30/06/2026 13:17,London,22.84,52,1021,3.13,broken clouds
30/06/2026 13:17,Hamburg,23.99,52,1023,4.02,overcast clouds
30/06/2026 15:43,London,24.52,44,1020,4.02,scattered clouds
30/06/2026 15:43,Hamburg,23.78,50,1021,3.13,very heavy rain
30/06/2026 18:16,London,23.02,51,1019,3.13,broken clouds
30/06/2026 18:16,Hamburg,16.78,92,1021,3.13,heavy intensity rain
30/06/2026 20:22,London,20.75,61,1020,4.47,overcast clouds
30/06/2026 20:22,Hamburg,16.59,92,1020,2.24,overcast clouds
30/06/2026 21:50,London,19.8,65,1021,3.13,broken clouds
30/06/2026 21:50,Hamburg,16.57,97,1020,3.4,overcast clouds
30/06/2026 23:39,London,18.35,75,1021,3.13,scattered clouds
30/06/2026 23:39,Hamburg,16.49,96,1020,1.34,light rain
01/07/2026 04:56,London,16.62,83,1022,1.79,clear sky
01/07/2026 04:56,Hamburg,15.11,93,1019,0.33,overcast clouds
01/07/2026 08:56,London,20.85,66,1023,2.24,clear sky
01/07/2026 08:56,Hamburg,18.91,84,1018,1.34,overcast clouds
01/07/2026 12:17,London,23.69,52,1023,2.24,few clouds
01/07/2026 12:17,Hamburg,22.61,66,1019,6.71,broken clouds
01/07/2026 15:14,London,26.09,46,1022,3.13,scattered clouds
01/07/2026 15:14,Hamburg,20.21,77,1019,2.24,scattered clouds
01/07/2026 17:24,London,26.36,44,1022,1.79,broken clouds
01/07/2026 17:24,Hamburg,20.5,75,1019,1.79,scattered clouds
01/07/2026 20:16,London,23.1,54,1022,1.34,broken clouds
01/07/2026 20:16,Hamburg,17.6,90,1019,1.34,clear sky
01/07/2026 21:51,London,20.68,61,1023,1.34,broken clouds
01/07/2026 21:51,Hamburg,14.93,92,1021,2.09,clear sky
01/07/2026 23:47,London,18.36,63,1022,4.02,scattered clouds
01/07/2026 23:47,Hamburg,14.72,92,1020,1.34,clear sky
02/07/2026 04:32,London,17.25,79,1019,3.58,broken clouds
02/07/2026 04:32,Hamburg,12.64,97,1018,2.02,clear sky
02/07/2026 08:25,London,20.85,73,1019,4.02,overcast clouds
02/07/2026 08:25,Hamburg,20.48,70,1016,6.26,broken clouds
02/07/2026 11:44,London,24.72,47,1021,3.13,scattered clouds
02/07/2026 11:44,Hamburg,22.6,56,1014,8.05,moderate rain
02/07/2026 14:31,London,26.02,37,1022,2.24,clear sky
02/07/2026 14:31,Hamburg,18.61,84,1015,6.26,overcast clouds
02/07/2026 17:01,London,25.72,35,1023,2.68,clear sky
02/07/2026 17:01,Hamburg,18.9,75,1015,7.6,overcast clouds
02/07/2026 18:50,London,23.51,38,1024,1.34,clear sky
02/07/2026 18:50,Hamburg,18.79,65,1016,5.81,scattered clouds
02/07/2026 20:37,London,20.13,48,1025,1.34,clear sky
02/07/2026 20:37,Hamburg,16.39,78,1018,6.26,scattered clouds
02/07/2026 22:29,London,17.52,55,1026,1.79,clear sky
02/07/2026 22:29,Hamburg,14.82,82,1018,4.92,scattered clouds
03/07/2026 01:04,London,14.86,62,1028,0.45,clear sky
03/07/2026 01:04,Hamburg,14.92,75,1019,4.92,few clouds
03/07/2026 05:00,London,13.41,73,1029,0.89,broken clouds
03/07/2026 05:00,Hamburg,13.83,85,1020,4.47,light rain
03/07/2026 08:29,London,18.79,57,1029,0.89,overcast clouds
03/07/2026 08:29,Hamburg,16.69,64,1021,7.15,few clouds
03/07/2026 11:42,London,23.01,47,1028,2.24,broken clouds
03/07/2026 11:42,Hamburg,17.8,63,1022,8.94,scattered clouds
03/07/2026 14:33,London,25.76,40,1027,1.79,overcast clouds
03/07/2026 14:33,Hamburg,17.74,61,1023,9.83,broken clouds
03/07/2026 16:46,London,27.15,35,1026,2.68,overcast clouds
03/07/2026 16:46,Hamburg,17.61,71,1023,6.15,broken clouds
03/07/2026 18:41,London,26.35,38,1026,2.24,few clouds
03/07/2026 18:41,Hamburg,16.5,73,1023,4.97,overcast clouds
03/07/2026 20:34,London,23.11,50,1027,2.68,clear sky
03/07/2026 20:34,Hamburg,14.9,83,1023,4.72,overcast clouds
03/07/2026 22:17,London,20.81,59,1026,1.79,clear sky
03/07/2026 22:17,Hamburg,13.85,87,1024,4,overcast clouds
03/07/2026 23:29,London,20.09,61,1026,2.24,clear sky
03/07/2026 23:29,Hamburg,13.23,89,1023,3.85,overcast clouds
04/07/2026 04:05,London,15.75,81,1027,2.68,clear sky
04/07/2026 04:05,Hamburg,11.67,94,1022,3.61,overcast clouds
04/07/2026 07:17,London,17.77,80,1027,4.02,clear sky
04/07/2026 07:17,Hamburg,15.49,87,1022,4.31,light rain
04/07/2026 09:32,London,21.87,67,1026,4.02,clear sky
04/07/2026 09:32,Hamburg,14.34,94,1022,3.71,moderate rain
04/07/2026 11:47,London,24.64,54,1025,4.99,clear sky
04/07/2026 11:47,Hamburg,14.37,96,1021,3.65,overcast clouds
04/07/2026 14:01,London,27.17,51,1024,3.58,clear sky
04/07/2026 14:01,Hamburg,15.49,96,1020,2.66,light rain
04/07/2026 15:34,London,28.02,47,1024,3.58,clear sky
04/07/2026 15:34,Hamburg,17.08,97,1018,4.15,light rain
04/07/2026 17:29,London,28.14,48,1023,5.36,few clouds
04/07/2026 17:29,Hamburg,17.64,95,1018,4.82,overcast clouds
04/07/2026 19:40,London,25.1,57,1024,2.68,scattered clouds
04/07/2026 19:40,Hamburg,15.49,95,1018,4.65,scattered clouds
04/07/2026 21:15,London,22.75,65,1024,2.24,broken clouds
04/07/2026 21:15,Hamburg,14.93,95,1018,4.36,broken clouds
04/07/2026 22:13,London,21.61,69,1024,2.68,broken clouds
04/07/2026 22:13,Hamburg,15.46,96,1018,3.92,broken clouds
04/07/2026 23:16,London,20.35,73,1025,1.79,broken clouds
04/07/2026 23:16,Hamburg,15.46,97,1017,3.79,broken clouds
05/07/2026 00:15,London,19.13,77,1025,1.34,broken clouds
05/07/2026 00:15,Hamburg,16.01,97,1017,4.35,light rain
05/07/2026 04:33,London,16.41,85,1024,2.24,scattered clouds
05/07/2026 04:33,Hamburg,15.46,97,1016,4.31,overcast clouds
05/07/2026 08:20,London,19.79,73,1024,1.79,overcast clouds
05/07/2026 08:20,Hamburg,18.16,81,1017,5.92,scattered clouds
05/07/2026 10:30,London,22.46,64,1024,2.24,overcast clouds
05/07/2026 10:30,Hamburg,19.93,71,1017,6.62,broken clouds
05/07/2026 12:42,London,25.42,55,1024,2.24,scattered clouds
05/07/2026 12:42,Hamburg,20.97,69,1017,6.51,overcast clouds
05/07/2026 14:54,London,28.06,47,1022,2.68,broken clouds
05/07/2026 14:54,Hamburg,20.49,76,1017,5.68,overcast clouds
05/07/2026 16:29,London,28.8,45,1021,3.13,broken clouds
05/07/2026 16:29,Hamburg,19.9,71,1017,5.53,overcast clouds
05/07/2026 18:18,London,28.16,45,1021,2.68,overcast clouds
05/07/2026 18:18,Hamburg,17.68,78,1017,4.52,overcast clouds
05/07/2026 19:45,London,26.55,51,1021,3.13,overcast clouds
05/07/2026 19:45,Hamburg,16.5,82,1017,3.24,broken clouds
05/07/2026 21:29,London,24.27,62,1021,2.24,overcast clouds
05/07/2026 21:29,Hamburg,14.3,88,1017,2.59,overcast clouds
05/07/2026 23:30,London,22.28,66,1021,2.68,overcast clouds
05/07/2026 23:30,Hamburg,13.72,90,1017,2.44,overcast clouds
06/07/2026 04:44,London,17.86,78,1020,1.34,broken clouds
06/07/2026 04:44,Hamburg,14.86,96,1015,3.46,light rain
06/07/2026 09:11,London,25.54,50,1018,2.24,clear sky
06/07/2026 09:11,Hamburg,15.77,95,1012,4.47,overcast clouds
06/07/2026 13:00,London,31.08,33,1017,4.47,overcast clouds
06/07/2026 13:00,Hamburg,18.8,88,1011,4.92,light rain
06/07/2026 16:31,London,31.72,23,1016,5.36,scattered clouds
06/07/2026 16:31,Hamburg,18.19,89,1011,6.06,overcast clouds
06/07/2026 19:09,London,28.41,28,1016,3.13,overcast clouds
06/07/2026 19:09,Hamburg,17.79,85,1011,5.81,overcast clouds
06/07/2026 21:03,London,26.74,29,1016,3.13,overcast clouds
06/07/2026 21:03,Hamburg,17.5,83,1011,6.26,overcast clouds
06/07/2026 22:40,London,24.94,37,1016,3.13,overcast clouds
06/07/2026 22:40,Hamburg,16.59,87,1010,4.02,overcast clouds
07/07/2026 01:10,London,22.82,40,1015,3.13,overcast clouds
07/07/2026 01:10,Hamburg,16.01,92,1009,4.37,light rain
07/07/2026 05:09,London,18.82,54,1015,1.34,overcast clouds
07/07/2026 05:09,Hamburg,16.57,94,1008,5.44,moderate rain
07/07/2026 08:45,London,24.13,52,1015,3.13,overcast clouds
07/07/2026 08:45,Hamburg,18.19,88,1007,6.75,broken clouds
07/07/2026 12:11,London,29.16,39,1016,3.13,overcast clouds
07/07/2026 12:11,Hamburg,16.1,89,1007,7.16,light rain
07/07/2026 15:18,London,31.7,32,1015,1.34,overcast clouds
07/07/2026 15:18,Hamburg,16.01,94,1008,6.77,overcast clouds
07/07/2026 17:27,London,31.37,32,1015,1.79,overcast clouds
07/07/2026 17:27,Hamburg,15.57,94,1008,6.71,light rain
07/07/2026 20:17,London,27.72,44,1016,0.45,broken clouds
07/07/2026 20:17,Hamburg,15,84,1010,5.81,overcast clouds
07/07/2026 21:44,London,25.43,54,1017,2.24,broken clouds
07/07/2026 21:44,Hamburg,13.72,87,1011,4.35,overcast clouds
07/07/2026 23:16,London,24.04,54,1018,2.24,broken clouds
07/07/2026 23:16,Hamburg,11.68,87,1012,3.58,overcast clouds
08/07/2026 00:14,London,23.02,58,1018,2.24,broken clouds
08/07/2026 00:14,Hamburg,11.59,87,1012,2.24,overcast clouds
08/07/2026 03:48,London,19.78,71,1019,1.73,few clouds
08/07/2026 03:48,Hamburg,11.57,94,1013,2.57,clear sky
08/07/2026 06:40,London,22.04,63,1020,0.89,clear sky
08/07/2026 06:40,Hamburg,13.9,85,1014,2.68,clear sky
08/07/2026 09:40,London,27.08,50,1019,1.56,clear sky
08/07/2026 09:40,Hamburg,18.19,69,1014,5.97,scattered clouds
08/07/2026 11:58,London,30.68,41,1018,1.79,clear sky
08/07/2026 11:58,Hamburg,20.42,66,1015,6.28,broken clouds
08/07/2026 16:52,London,33.66,36,1017,2.04,clear sky
08/07/2026 16:52,Hamburg,18.91,66,1016,6.71,overcast clouds
08/07/2026 18:49,London,31.92,38,1018,4.96,broken clouds
08/07/2026 18:49,Hamburg,17.5,71,1016,5.81,overcast clouds
08/07/2026 20:38,London,27.85,49,1018,3.23,scattered clouds
08/07/2026 20:38,Hamburg,14.82,85,1016,3.13,scattered clouds
08/07/2026 22:18,London,25.39,56,1019,2.16,scattered clouds
08/07/2026 22:18,Hamburg,12.68,92,1016,2.73,scattered clouds
08/07/2026 23:32,London,23.97,60,1018,2.38,few clouds
08/07/2026 23:32,Hamburg,13.61,91,1017,1.79,scattered clouds
09/07/2026 04:16,London,20.09,71,1017,1.89,clear sky
09/07/2026 04:16,Hamburg,14.92,91,1016,2.68,broken clouds
09/07/2026 07:54,London,26.07,54,1018,0.45,few clouds
09/07/2026 07:54,Hamburg,16.69,81,1017,4.02,overcast clouds
09/07/2026 11:25,London,32.81,34,1016,1.34,scattered clouds
09/07/2026 11:25,Hamburg,18.9,76,1017,4.02,overcast clouds
09/07/2026 14:00,London,34.21,32,1016,1.34,overcast clouds
09/07/2026 14:00,Hamburg,19.89,77,1017,4.32,few clouds
09/07/2026 16:44,London,34.04,33,1015,0.45,overcast clouds
09/07/2026 16:44,Hamburg,19.27,78,1017,4.04,scattered clouds
09/07/2026 19:01,London,31.21,44,1015,3.13,overcast clouds
09/07/2026 19:01,Hamburg,17.69,81,1017,3.13,overcast clouds
09/07/2026 20:57,London,27.87,52,1016,0.45,overcast clouds
09/07/2026 20:57,Hamburg,16.59,85,1017,2.68,overcast clouds
09/07/2026 22:44,London,25.7,58,1017,2.24,overcast clouds
09/07/2026 22:44,Hamburg,16.1,91,1017,1.96,broken clouds
10/07/2026 01:01,London,23.8,64,1016,1.79,overcast clouds
10/07/2026 01:01,Hamburg,15.55,92,1017,1.66,scattered clouds
10/07/2026 05:10,London,21.45,76,1016,0.89,overcast clouds
10/07/2026 05:10,Hamburg,14.9,91,1018,1.78,few clouds
10/07/2026 08:43,London,26.5,59,1017,2.24,broken clouds
10/07/2026 08:43,Hamburg,17.91,80,1018,2.24,clear sky
10/07/2026 12:09,London,29.16,49,1017,2.68,overcast clouds
10/07/2026 12:09,Hamburg,23.89,72,1018,2.8,clear sky
10/07/2026 15:04,London,30.47,40,1017,3.13,overcast clouds
10/07/2026 15:04,Hamburg,23.9,60,1018,2.68,few clouds
10/07/2026 17:12,London,28.88,41,1017,2.68,overcast clouds
10/07/2026 17:12,Hamburg,23.26,76,1018,3.27,few clouds
10/07/2026 18:49,London,27.02,41,1017,4.02,overcast clouds
10/07/2026 18:49,Hamburg,21.67,81,1018,1.24,clear sky
10/07/2026 20:44,London,23.57,58,1018,3.13,overcast clouds
10/07/2026 20:44,Hamburg,19.34,90,1019,0.83,clear sky
10/07/2026 22:26,London,21.73,67,1018,1.34,broken clouds
10/07/2026 22:26,Hamburg,17.64,93,1019,0.56,clear sky
11/07/2026 00:12,London,20.36,71,1019,2.24,overcast clouds
11/07/2026 00:12,Hamburg,15.58,99,1019,0.89,clear sky
11/07/2026 03:46,London,17.74,82,1020,2.68,broken clouds
11/07/2026 03:46,Hamburg,13.88,92,1020,0.72,clear sky
11/07/2026 06:28,London,19.57,80,1019,2.24,broken clouds
11/07/2026 06:28,Hamburg,16.1,90,1021,1.2,clear sky
11/07/2026 09:00,London,24.69,64,1020,2.24,clear sky
11/07/2026 09:00,Hamburg,23.16,74,1021,2.22,clear sky
11/07/2026 10:35,London,26.91,53,1020,3.58,clear sky
11/07/2026 10:35,Hamburg,25.52,68,1021,3.05,clear sky
11/07/2026 12:07,London,28.44,49,1020,3.13,clear sky
11/07/2026 12:07,Hamburg,26.7,65,1021,3.41,clear sky
11/07/2026 13:57,London,28.91,44,1020,3.58,clear sky
11/07/2026 13:57,Hamburg,27.78,56,1020,4.38,few clouds
11/07/2026 15:25,London,29.7,42,1020,3.58,clear sky
11/07/2026 15:25,Hamburg,27.78,49,1021,4.05,few clouds
11/07/2026 17:18,London,28.89,46,1020,4.02,clear sky
11/07/2026 17:18,Hamburg,26.59,41,1021,2.68,clear sky
11/07/2026 18:10,London,27.03,55,1020,3.58,clear sky
11/07/2026 18:10,Hamburg,26.39,44,1021,2.68,few clouds
11/07/2026 19:34,London,24.64,63,1021,2.24,clear sky
11/07/2026 19:34,Hamburg,23.22,74,1021,0.6,overcast clouds
11/07/2026 21:09,London,21.89,69,1022,4.02,clear sky
11/07/2026 21:09,Hamburg,20.97,83,1021,1.74,overcast clouds
11/07/2026 22:09,London,20,75,1022,3.13,clear sky
11/07/2026 22:09,Hamburg,19.83,87,1022,1.91,overcast clouds
11/07/2026 23:13,London,18.47,78,1023,3.13,clear sky
11/07/2026 23:13,Hamburg,19.24,91,1022,2.21,overcast clouds
12/07/2026 00:13,London,17.46,79,1023,2.68,clear sky
12/07/2026 00:13,Hamburg,17.79,91,1022,1.79,moderate rain
12/07/2026 04:01,London,17.03,80,1023,3.58,scattered clouds
12/07/2026 04:01,Hamburg,16.58,92,1022,2.68,few clouds
12/07/2026 06:48,London,17.95,80,1024,3.13,scattered clouds
12/07/2026 06:48,Hamburg,19.34,89,1022,3.81,clear sky
12/07/2026 09:18,London,22.6,68,1024,3.13,clear sky
12/07/2026 09:18,Hamburg,23.82,68,1023,3.52,clear sky
12/07/2026 10:45,London,26.53,56,1023,3.58,clear sky
12/07/2026 10:45,Hamburg,26.07,60,1022,3.39,clear sky
12/07/2026 12:08,London,28.71,47,1023,4.02,clear sky
12/07/2026 12:08,Hamburg,26.67,55,1023,3.55,few clouds
12/07/2026 13:58,London,29.72,42,1023,5.36,clear sky
12/07/2026 13:58,Hamburg,26.6,25,1021,4.92,scattered clouds
12/07/2026 15:26,London,29.53,41,1023,3.13,clear sky
12/07/2026 15:26,Hamburg,27.21,46,1021,4.23,scattered clouds
12/07/2026 17:28,London,27.71,39,1023,4.47,clear sky
12/07/2026 17:28,Hamburg,22.67,60,1023,4.78,few clouds
12/07/2026 19:33,London,24.09,35,1023,4.47,clear sky
12/07/2026 19:33,Hamburg,20.26,75,1023,3.58,clear sky
12/07/2026 21:08,London,21.63,47,1024,4.02,clear sky
12/07/2026 21:08,Hamburg,18.52,79,1023,4.02,clear sky
12/07/2026 22:10,London,20.18,53,1024,4.02,clear sky
12/07/2026 22:10,Hamburg,15.46,92,1023,2.2,clear sky
12/07/2026 23:11,London,18.47,58,1024,4.02,clear sky
12/07/2026 23:11,Hamburg,15.37,91,1023,2.24,clear sky
13/07/2026 00:13,London,17.39,64,1024,4.47,clear sky
13/07/2026 00:13,Hamburg,13.75,95,1023,1.31,clear sky
13/07/2026 04:03,London,15.34,78,1024,2.24,few clouds
13/07/2026 04:03,Hamburg,12.61,97,1023,0.35,clear sky
13/07/2026 07:43,London,19.62,69,1023,3.58,overcast clouds
13/07/2026 07:43,Hamburg,20.66,77,1023,1.34,clear sky
13/07/2026 11:31,London,24.44,54,1021,4.47,broken clouds
13/07/2026 11:31,Hamburg,27.69,44,1021,1.34,clear sky
13/07/2026 15:14,London,27.32,50,1020,4.47,clear sky
13/07/2026 15:14,Hamburg,24.92,65,1020,3.58,light rain
13/07/2026 17:24,London,25.96,51,1019,4.92,clear sky
13/07/2026 17:24,Hamburg,22.88,72,1021,4.92,moderate rain
13/07/2026 19:52,London,22.46,67,1020,5.36,scattered clouds
13/07/2026 19:52,Hamburg,18.88,88,1021,3.52,light rain
13/07/2026 21:14,London,20.24,74,1021,2.68,broken clouds
13/07/2026 21:14,Hamburg,19.33,93,1021,1.63,overcast clouds
13/07/2026 22:13,London,19.26,76,1021,4.02,broken clouds
13/07/2026 22:13,Hamburg,19.33,93,1021,1.54,overcast clouds
13/07/2026 23:15,London,18.15,79,1021,2.24,broken clouds
13/07/2026 23:15,Hamburg,18.16,94,1021,1.8,overcast clouds
14/07/2026 00:09,London,17.36,82,1021,2.24,broken clouds
14/07/2026 00:09,Hamburg,18.16,91,1021,2.36,overcast clouds
14/07/2026 03:39,London,16.77,83,1021,1.79,overcast clouds
14/07/2026 03:39,Hamburg,16.58,87,1022,2.24,overcast clouds
14/07/2026 06:28,London,17.58,82,1021,3.13,broken clouds
14/07/2026 06:28,Hamburg,16.78,87,1022,3.13,broken clouds
14/07/2026 09:18,London,21.43,70,1021,3.13,scattered clouds
14/07/2026 09:18,Hamburg,21.56,71,1022,4.32,few clouds
14/07/2026 10:57,London,24.12,56,1020,4.18,scattered clouds
14/07/2026 10:57,Hamburg,24.4,55,1022,4.5,clear sky
14/07/2026 12:41,London,27.5,55,1020,4.14,clear sky
14/07/2026 12:41,Hamburg,26.04,48,1022,4.54,scattered clouds
14/07/2026 15:04,London,28.83,49,1019,3.58,clear sky
14/07/2026 15:04,Hamburg,25.68,32,1021,4.47,scattered clouds
14/07/2026 16:39,London,29.29,41,1019,3.13,clear sky
14/07/2026 16:39,Hamburg,25.45,54,1021,4.47,scattered clouds
14/07/2026 18:18,London,28.21,43,1019,3.13,few clouds
14/07/2026 18:18,Hamburg,23.81,43,1021,4.47,scattered clouds
14/07/2026 19:46,London,25.9,47,1021,3.13,broken clouds
14/07/2026 19:46,Hamburg,20.72,67,1022,2.67,broken clouds
14/07/2026 21:16,London,23.36,60,1021,4.02,scattered clouds
14/07/2026 21:16,Hamburg,18.23,79,1022,2.51,broken clouds
14/07/2026 22:16,London,21.72,69,1021,3.58,broken clouds
14/07/2026 22:16,Hamburg,16.6,80,1022,2.39,broken clouds
14/07/2026 23:13,London,20.15,74,1022,1.79,broken clouds
14/07/2026 23:13,Hamburg,18.1,75,1022,2.29,scattered clouds
15/07/2026 00:07,London,19.22,77,1022,1.34,broken clouds
15/07/2026 00:07,Hamburg,15.94,83,1023,2.24,scattered clouds
15/07/2026 03:39,London,17.11,85,1022,1.79,scattered clouds
15/07/2026 03:39,Hamburg,13.23,92,1023,1.34,clear sky
15/07/2026 06:30,London,18.67,82,1023,2.68,clear sky
15/07/2026 06:30,Hamburg,19.54,78,1023,2.24,scattered clouds
15/07/2026 09:23,London,22.73,68,1023,1.79,clear sky
15/07/2026 09:23,Hamburg,23.9,54,1023,1.79,broken clouds
15/07/2026 11:52,London,26.94,54,1022,2.24,clear sky
15/07/2026 11:52,Hamburg,25.57,44,1022,3.58,broken clouds
15/07/2026 14:13,London,28.23,46,1021,3.13,clear sky
15/07/2026 14:13,Hamburg,26.69,33,1022,4.92,scattered clouds
15/07/2026 15:53,London,28.16,44,1021,4.47,clear sky
15/07/2026 15:53,Hamburg,26.59,33,1022,5.36,broken clouds
15/07/2026 17:41,London,27.11,44,1021,2.68,clear sky
15/07/2026 17:41,Hamburg,23.9,50,1021,5.36,broken clouds
15/07/2026 19:39,London,24.68,51,1021,3.13,clear sky
15/07/2026 19:39,Hamburg,21,65,1022,2.71,overcast clouds
15/07/2026 21:17,London,22.2,61,1022,2.68,clear sky
15/07/2026 21:17,Hamburg,18.9,70,1022,2.68,overcast clouds
15/07/2026 22:15,London,20.81,68,1022,2.68,clear sky
15/07/2026 22:15,Hamburg,18.89,71,1022,2.68,overcast clouds
15/07/2026 23:14,London,19.53,72,1022,1.79,clear sky
15/07/2026 23:14,Hamburg,18.89,80,1022,3.58,overcast clouds
16/07/2026 00:12,London,18.36,75,1022,1.34,clear sky
16/07/2026 00:12,Hamburg,17.69,85,1022,1.79,overcast clouds
16/07/2026 03:41,London,16.01,85,1021,2.24,clear sky
16/07/2026 03:41,Hamburg,16.58,91,1021,1.79,light rain
16/07/2026 06:34,London,17.74,80,1022,1.34,clear sky
16/07/2026 06:34,Hamburg,17.69,88,1022,1.34,overcast clouds
16/07/2026 09:31,London,23.68,62,1021,1.79,clear sky
16/07/2026 09:31,Hamburg,20.66,68,1021,1.79,overcast clouds
16/07/2026 11:55,London,27.43,49,1019,3.58,clear sky
16/07/2026 11:55,Hamburg,23.82,61,1020,1.92,overcast clouds
16/07/2026 14:26,London,28.87,41,1018,1.79,clear sky
16/07/2026 14:26,Hamburg,26.4,42,1019,2.24,scattered clouds
16/07/2026 16:43,London,27.25,45,1017,4.02,clear sky
16/07/2026 16:43,Hamburg,26.59,30,1017,2.24,scattered clouds
16/07/2026 18:34,London,25.14,47,1017,3.13,clear sky
16/07/2026 18:34,Hamburg,23.72,64,1017,2.24,broken clouds
16/07/2026 20:13,London,23.05,54,1017,1.34,clear sky
16/07/2026 20:13,Hamburg,22.64,73,1017,2.38,broken clouds
16/07/2026 21:26,London,21.6,60,1017,1.79,clear sky
16/07/2026 21:26,Hamburg,20.49,80,1016,3.13,broken clouds
16/07/2026 23:12,London,19.07,69,1017,0.45,clear sky
16/07/2026 23:12,Hamburg,19.99,85,1016,2.24,broken clouds
17/07/2026 00:14,London,18.14,74,1016,0.89,clear sky
17/07/2026 00:14,Hamburg,18.79,85,1015,1.79,broken clouds
17/07/2026 03:41,London,15.35,83,1017,0.45,clear sky
17/07/2026 03:41,Hamburg,17.59,91,1013,1.34,broken clouds
17/07/2026 06:30,London,15.25,85,1016,0.45,clear sky
17/07/2026 06:30,Hamburg,19.82,83,1013,1.37,broken clouds
17/07/2026 09:22,London,21.42,63,1016,1.34,clear sky
17/07/2026 09:22,Hamburg,25.48,51,1011,2.24,few clouds
17/07/2026 10:59,London,25.16,48,1016,2.24,clear sky
17/07/2026 10:59,Hamburg,27.12,59,1011,2.39,clear sky
17/07/2026 12:37,London,27.88,40,1015,1.34,clear sky
17/07/2026 12:37,Hamburg,28.72,37,1010,2.24,broken clouds
17/07/2026 14:54,London,28.67,39,1015,1.79,scattered clouds
17/07/2026 14:54,Hamburg,27.51,48,1009,4.02,overcast clouds
17/07/2026 16:35,London,28.52,38,1014,1.34,scattered clouds
17/07/2026 16:35,Hamburg,24.93,62,1010,4.95,broken clouds
17/07/2026 18:17,London,27.31,41,1014,0.45,scattered clouds
17/07/2026 18:17,Hamburg,24.99,53,1010,5.81,broken clouds
17/07/2026 19:35,London,24.61,53,1015,2.68,clear sky
17/07/2026 19:35,Hamburg,19.89,81,1011,3.98,broken clouds
17/07/2026 21:10,London,21.15,71,1016,2.24,clear sky
17/07/2026 21:10,Hamburg,20.26,78,1011,3.13,broken clouds
17/07/2026 22:08,London,19.81,76,1017,2.68,clear sky
17/07/2026 22:08,Hamburg,17.67,89,1011,2.79,broken clouds
17/07/2026 23:10,London,18.74,79,1018,2.24,clear sky
17/07/2026 23:10,Hamburg,16.56,91,1011,3.37,scattered clouds
18/07/2026 00:12,London,17.91,82,1018,1.79,clear sky
18/07/2026 00:12,Hamburg,17.29,88,1011,4.02,scattered clouds
18/07/2026 03:36,London,16.75,77,1018,0.89,clear sky
18/07/2026 03:36,Hamburg,16.39,85,1011,2.68,few clouds
18/07/2026 06:22,London,16.61,78,1018,0.89,scattered clouds
18/07/2026 06:22,Hamburg,16.6,82,1010,4.47,scattered clouds
18/07/2026 08:12,London,17.87,67,1019,1.79,clear sky
18/07/2026 08:12,Hamburg,17.68,72,1011,6.26,broken clouds
18/07/2026 09:48,London,20.11,56,1019,2.68,clear sky
18/07/2026 09:48,Hamburg,17.7,78,1011,5.81,broken clouds
18/07/2026 11:25,London,21.66,50,1019,1.79,clear sky
18/07/2026 11:25,Hamburg,18.72,75,1012,6.8,broken clouds
18/07/2026 13:52,London,23.57,48,1019,1.34,scattered clouds
18/07/2026 13:52,Hamburg,18.82,73,1012,7.07,clear sky
18/07/2026 15:17,London,22.9,48,1019,3.13,broken clouds
18/07/2026 15:17,Hamburg,18.72,69,1013,6.62,clear sky
18/07/2026 16:12,London,22.72,48,1019,0.89,broken clouds
18/07/2026 16:12,Hamburg,18.81,60,1012,7.15,clear sky
18/07/2026 17:17,London,22.42,49,1019,3.58,broken clouds
18/07/2026 17:17,Hamburg,17.69,68,1012,6.26,few clouds
18/07/2026 18:10,London,21.57,51,1019,2.68,broken clouds
18/07/2026 18:10,Hamburg,16.68,72,1012,5.36,scattered clouds
18/07/2026 19:35,London,19.84,56,1019,2.68,broken clouds
18/07/2026 19:35,Hamburg,16.58,72,1012,2.68,overcast clouds
18/07/2026 21:07,London,17.8,62,1021,2.68,broken clouds
18/07/2026 21:07,Hamburg,13.85,83,1012,4.78,overcast clouds
18/07/2026 22:09,London,16.51,66,1021,2.24,scattered clouds
18/07/2026 22:09,Hamburg,15.48,70,1013,2.68,overcast clouds
18/07/2026 23:13,London,15.72,69,1022,1.34,scattered clouds
18/07/2026 23:13,Hamburg,14.43,80,1012,4.55,overcast clouds
19/07/2026 00:12,London,14.92,71,1022,0.89,scattered clouds
19/07/2026 00:12,Hamburg,12.78,88,1012,4.54,overcast clouds
19/07/2026 03:59,London,12.89,78,1023,1.34,clear sky
19/07/2026 03:59,Hamburg,13.23,89,1012,4.54,moderate rain
19/07/2026 06:44,London,14.53,69,1024,2.24,clear sky
19/07/2026 06:44,Hamburg,13.91,95,1013,2.68,overcast clouds
19/07/2026 09:19,London,18.49,53,1024,2.24,broken clouds
19/07/2026 09:19,Hamburg,17.87,72,1013,3.13,overcast clouds
19/07/2026 10:46,London,19.82,50,1024,2.68,scattered clouds
19/07/2026 10:46,Hamburg,16.58,85,1014,5.36,broken clouds
19/07/2026 12:07,London,21.06,44,1024,1.79,scattered clouds
19/07/2026 12:07,Hamburg,18.79,68,1015,4.96,broken clouds
19/07/2026 13:56,London,23.01,37,1024,0.89,broken clouds
19/07/2026 13:56,Hamburg,19,58,1015,7.6,broken clouds
19/07/2026 15:17,London,23.02,36,1023,2.24,scattered clouds
19/07/2026 15:17,Hamburg,18.71,63,1015,7.15,broken clouds
19/07/2026 16:13,London,23.17,36,1023,1.79,scattered clouds
19/07/2026 16:13,Hamburg,17.71,70,1015,6.26,broken clouds
19/07/2026 17:26,London,22.37,39,1023,3.13,scattered clouds
19/07/2026 17:26,Hamburg,17.51,73,1016,6.71,scattered clouds
19/07/2026 19:35,London,19.32,47,1024,2.24,clear sky
19/07/2026 19:35,Hamburg,16.39,72,1017,4.47,overcast clouds
19/07/2026 21:09,London,16.99,55,1025,2.24,clear sky
19/07/2026 21:09,Hamburg,15.27,76,1017,4.02,overcast clouds
19/07/2026 22:11,London,15.85,59,1025,1.34,clear sky
19/07/2026 22:11,Hamburg,14.72,80,1017,4.47,overcast clouds
19/07/2026 23:14,London,15.06,63,1026,1.34,clear sky
19/07/2026 23:14,Hamburg,14.72,83,1017,4.92,overcast clouds
20/07/2026 00:14,London,14.23,67,1026,1.34,clear sky
20/07/2026 00:14,Hamburg,13.8,83,1017,4.47,overcast clouds
20/07/2026 04:08,London,11.31,78,1027,2.41,overcast clouds
20/07/2026 04:08,Hamburg,13.71,83,1017,3.13,overcast clouds
20/07/2026 07:33,London,15.98,71,1027,0.45,overcast clouds
20/07/2026 07:33,Hamburg,15.68,77,1018,5.81,overcast clouds
20/07/2026 11:15,London,22.55,41,1026,2.24,scattered clouds
20/07/2026 11:15,Hamburg,17.79,67,1019,5.36,light rain
20/07/2026 13:18,London,24.75,36,1026,4.02,clear sky
20/07/2026 13:18,Hamburg,18.91,62,1020,4.02,overcast clouds
20/07/2026 15:22,London,26.53,32,1025,2.68,clear sky
20/07/2026 15:22,Hamburg,18.26,78,1020,3.63,overcast clouds
20/07/2026 16:48,London,26.05,32,1025,1.34,scattered clouds
20/07/2026 16:48,Hamburg,19.62,59,1020,5.36,overcast clouds
20/07/2026 19:09,London,22.39,49,1025,2.24,clear sky
20/07/2026 19:09,Hamburg,17.5,76,1021,4.92,clear sky
20/07/2026 20:43,London,19.22,62,1027,1.79,clear sky
20/07/2026 20:43,Hamburg,16.28,78,1022,3.58,clear sky
20/07/2026 22:14,London,18.07,68,1027,1.79,clear sky
20/07/2026 22:14,Hamburg,13.78,91,1022,2.32,clear sky
20/07/2026 23:17,London,17.57,70,1027,1.34,clear sky
20/07/2026 23:17,Hamburg,13.71,91,1022,1.79,clear sky
21/07/2026 00:13,London,16.69,73,1027,0.45,clear sky
21/07/2026 00:13,Hamburg,12.6,95,1022,1.94,clear sky
21/07/2026 03:50,London,13.82,82,1028,2.1,clear sky
21/07/2026 03:50,Hamburg,9.91,95,1022,1.34,clear sky
21/07/2026 06:43,London,15.99,80,1028,1.34,clear sky
21/07/2026 06:43,Hamburg,13.88,85,1023,1.34,clear sky
21/07/2026 09:42,London,19.63,64,1028,1.34,few clouds
21/07/2026 09:42,Hamburg,20.12,44,1023,3.58,clear sky
21/07/2026 12:01,London,22.79,56,1028,4.21,few clouds
21/07/2026 12:01,Hamburg,21.69,41,1022,3.13,clear sky
21/07/2026 14:26,London,23.65,54,1027,4.19,scattered clouds
21/07/2026 14:26,Hamburg,21.79,49,1022,6.26,scattered clouds
21/07/2026 16:46,London,24.25,53,1026,1.79,scattered clouds
21/07/2026 16:46,Hamburg,20.38,55,1022,5.81,broken clouds
21/07/2026 18:42,London,22.47,58,1026,0.45,clear sky
21/07/2026 18:42,Hamburg,17.7,68,1022,4.47,scattered clouds
21/07/2026 20:37,London,20.26,65,1027,1.34,scattered clouds
21/07/2026 20:37,Hamburg,13.85,83,1022,2.55,clear sky
21/07/2026 22:13,London,18.78,70,1027,0.45,broken clouds
21/07/2026 22:13,Hamburg,14.91,85,1021,3.58,few clouds
21/07/2026 23:14,London,17.71,73,1026,1.34,scattered clouds
21/07/2026 23:14,Hamburg,14.82,86,1021,3.58,scattered clouds
22/07/2026 00:10,London,16.62,76,1027,2.28,scattered clouds
22/07/2026 00:10,Hamburg,13.9,93,1021,2.24,scattered clouds
22/07/2026 03:50,London,15.11,82,1026,0.45,scattered clouds
22/07/2026 03:50,Hamburg,13.81,95,1019,2.68,overcast clouds
22/07/2026 06:44,London,17.09,79,1026,0.45,scattered clouds
22/07/2026 06:44,Hamburg,13.91,95,1017,3.13,overcast clouds
22/07/2026 09:41,London,22.77,60,1025,1.34,overcast clouds
22/07/2026 09:41,Hamburg,15.58,92,1016,5.36,broken clouds
22/07/2026 12:06,London,24.79,53,1024,1.34,overcast clouds
22/07/2026 12:06,Hamburg,18.16,81,1016,5.36,overcast clouds
22/07/2026 14:27,London,26.1,48,1024,2.68,overcast clouds
22/07/2026 14:27,Hamburg,17.79,76,1016,6.26,overcast clouds
22/07/2026 16:51,London,25.82,47,1023,2.68,overcast clouds
22/07/2026 16:51,Hamburg,16.59,83,1016,6.71,broken clouds
22/07/2026 18:36,London,23.89,55,1023,2.68,overcast clouds
22/07/2026 18:36,Hamburg,16.39,79,1016,5.81,overcast clouds
22/07/2026 20:33,London,20.93,65,1023,2.68,overcast clouds
22/07/2026 20:33,Hamburg,15.28,83,1016,3.58,broken clouds
22/07/2026 22:17,London,18.92,72,1024,2.24,overcast clouds
22/07/2026 22:17,Hamburg,14.82,83,1016,3.58,broken clouds
22/07/2026 23:17,London,18.44,74,1024,1.34,overcast clouds
22/07/2026 23:17,Hamburg,14.34,89,1016,4.21,broken clouds
23/07/2026 00:15,London,18.52,74,1023,0.89,overcast clouds
23/07/2026 00:15,Hamburg,13.91,86,1016,4.02,broken clouds
23/07/2026 03:48,London,15.32,83,1023,0.85,overcast clouds
23/07/2026 03:48,Hamburg,13.81,86,1016,3.13,broken clouds
23/07/2026 06:42,London,18,77,1024,2.24,overcast clouds
23/07/2026 06:42,Hamburg,15.02,77,1017,4.47,broken clouds
23/07/2026 09:39,London,23.06,56,1023,2.24,overcast clouds
23/07/2026 09:39,Hamburg,16.79,67,1017,5.36,overcast clouds
23/07/2026 12:04,London,25.11,48,1023,1.34,overcast clouds
23/07/2026 12:04,Hamburg,18.89,68,1018,5.19,broken clouds
23/07/2026 14:36,London,25.71,46,1022,1.34,overcast clouds
23/07/2026 14:36,Hamburg,20.01,53,1018,6.26,scattered clouds
23/07/2026 16:49,London,25.95,45,1021,0.89,overcast clouds
23/07/2026 16:49,Hamburg,18.71,59,1018,6.71,scattered clouds
23/07/2026 18:39,London,26.51,44,1020,1.79,overcast clouds
23/07/2026 18:39,Hamburg,16.57,72,1018,4.22,scattered clouds
23/07/2026 20:31,London,23.09,56,1020,3.13,overcast clouds
23/07/2026 20:31,Hamburg,14.92,70,1018,3.58,broken clouds
23/07/2026 22:17,London,21.58,63,1021,2.68,overcast clouds
23/07/2026 22:17,Hamburg,13.81,82,1018,1.79,broken clouds
23/07/2026 23:14,London,20.97,65,1021,1.34,overcast clouds
23/07/2026 23:14,Hamburg,13.81,81,1018,1.34,broken clouds
24/07/2026 00:13,London,19.88,68,1020,1.79,overcast clouds
24/07/2026 00:13,Hamburg,13.81,80,1018,1.34,broken clouds
24/07/2026 03:47,London,17.98,73,1020,0.45,overcast clouds
24/07/2026 03:47,Hamburg,13.26,87,1018,2.24,broken clouds
24/07/2026 06:41,London,18.1,72,1020,1.34,overcast clouds
24/07/2026 06:41,Hamburg,15.02,81,1018,2.68,clear sky
24/07/2026 09:37,London,23.49,57,1019,0.89,overcast clouds
24/07/2026 09:37,Hamburg,17.7,64,1017,4.02,clear sky
24/07/2026 11:57,London,26.84,46,1017,1.34,overcast clouds
24/07/2026 11:57,Hamburg,20.39,65,1017,4.79,clear sky
24/07/2026 14:15,London,27.92,42,1015,0.89,overcast clouds
24/07/2026 14:15,Hamburg,18.91,66,1016,4.02,scattered clouds
24/07/2026 15:46,London,28.02,41,1014,3.13,overcast clouds
24/07/2026 15:46,Hamburg,18.9,67,1015,2.68,broken clouds
24/07/2026 17:54,London,28.34,40,1013,1.34,overcast clouds
24/07/2026 17:54,Hamburg,18.81,72,1014,2.24,broken clouds
24/07/2026 19:49,London,25.91,49,1013,0.45,overcast clouds
24/07/2026 19:49,Hamburg,17.69,77,1014,1.34,broken clouds
24/07/2026 21:31,London,23.7,52,1012,0.89,overcast clouds
24/07/2026 21:31,Hamburg,14.99,89,1013,1.02,broken clouds
24/07/2026 23:27,London,21.19,56,1012,0.45,overcast clouds
24/07/2026 23:27,Hamburg,12.88,94,1013,1.31,overcast clouds
25/07/2026 03:42,London,16.25,74,1011,1.56,broken clouds
25/07/2026 03:42,Hamburg,10.68,97,1010,2.04,broken clouds
25/07/2026 06:31,London,17.03,73,1010,0.45,scattered clouds
25/07/2026 06:31,Hamburg,15.58,81,1009,2.24,few clouds
25/07/2026 09:13,London,22.65,54,1009,2.68,few clouds
25/07/2026 09:13,Hamburg,22.61,65,1008,3.87,clear sky
25/07/2026 10:46,London,24.58,49,1009,2.68,scattered clouds
25/07/2026 10:46,Hamburg,23.81,50,1007,4.47,clear sky
25/07/2026 12:11,London,26.36,40,1008,2.68,scattered clouds
25/07/2026 12:11,Hamburg,24.92,46,1007,5.36,clear sky
25/07/2026 14:04,London,28.47,35,1007,4.47,broken clouds
25/07/2026 14:04,Hamburg,25.59,37,1005,6.26,few clouds
25/07/2026 15:31,London,28.61,37,1006,3.13,broken clouds
25/07/2026 15:31,Hamburg,26.5,52,1003,4.73,few clouds
25/07/2026 17:18,London,28.15,41,1005,3.58,broken clouds
25/07/2026 17:18,Hamburg,22.69,68,1005,4.02,scattered clouds
25/07/2026 18:10,London,26.7,45,1005,3.58,broken clouds
25/07/2026 18:10,Hamburg,22.6,68,1004,4.02,scattered clouds
25/07/2026 19:37,London,24.43,52,1006,3.58,overcast clouds
25/07/2026 19:37,Hamburg,19.89,77,1004,1.67,overcast clouds
25/07/2026 21:11,London,21.85,56,1007,4.02,overcast clouds
25/07/2026 21:11,Hamburg,18.5,74,1004,1.79,overcast clouds
25/07/2026 22:12,London,20.36,63,1006,3.13,overcast clouds
25/07/2026 22:12,Hamburg,15.57,85,1004,1.34,overcast clouds
25/07/2026 23:15,London,19.97,67,1006,3.13,overcast clouds
25/07/2026 23:15,Hamburg,15.47,86,1004,1.34,overcast clouds
26/07/2026 00:16,London,19.6,70,1006,2.68,overcast clouds
26/07/2026 00:16,Hamburg,15.38,87,1003,1.34,overcast clouds
26/07/2026 04:00,London,18.31,79,1005,3.13,scattered clouds
26/07/2026 04:00,Hamburg,15.48,95,1002,0.89,overcast clouds
26/07/2026 07:06,London,19.57,80,1004,4.47,light rain
26/07/2026 07:06,Hamburg,16.29,88,1002,2.68,light rain
26/07/2026 09:26,London,21.99,72,1003,2.68,overcast clouds
26/07/2026 09:26,Hamburg,16.59,92,1001,2.68,overcast clouds
26/07/2026 11:38,London,24.96,51,1004,4.47,overcast clouds
26/07/2026 11:38,Hamburg,18.8,83,1001,4.47,moderate rain
26/07/2026 14:01,London,25.97,44,1005,4.02,overcast clouds
26/07/2026 14:01,Hamburg,18.19,95,1001,5.54,overcast clouds
26/07/2026 15:32,London,25.75,42,1005,2.68,broken clouds
26/07/2026 15:32,Hamburg,17.79,95,1000,4.02,overcast clouds
26/07/2026 17:26,London,24.5,43,1006,2.68,scattered clouds
26/07/2026 17:26,Hamburg,18.71,92,999,5.36,heavy intensity rain
26/07/2026 19:38,London,21.96,50,1009,4.02,scattered clouds
26/07/2026 19:38,Hamburg,17.7,95,1000,2.68,few clouds
26/07/2026 21:13,London,19.86,55,1010,3.58,scattered clouds
26/07/2026 21:13,Hamburg,17.59,90,1000,4.47,few clouds
26/07/2026 22:15,London,18.89,59,1011,2.68,few clouds
26/07/2026 22:15,Hamburg,16.58,91,1001,3.58,light rain
26/07/2026 23:14,London,18.33,63,1012,2.68,few clouds
26/07/2026 23:14,Hamburg,16.39,90,1001,3.58,scattered clouds
27/07/2026 00:14,London,17.84,67,1012,1.79,few clouds
27/07/2026 00:14,Hamburg,15.02,94,1002,4.02,broken clouds
27/07/2026 04:06,London,15.9,75,1015,1.34,clear sky
27/07/2026 04:06,Hamburg,13.9,95,1006,2.68,broken clouds
27/07/2026 07:55,London,19.19,63,1017,3.13,clear sky
27/07/2026 07:55,Hamburg,15.67,82,1010,4.92,clear sky
27/07/2026 11:43,London,22.98,48,1017,2.68,clear sky
27/07/2026 11:43,Hamburg,20.49,61,1012,7.12,few clouds
27/07/2026 15:17,London,26.94,39,1017,2.68,clear sky
27/07/2026 15:17,Hamburg,18.92,50,1014,8.05,scattered clouds
27/07/2026 17:12,London,27.55,40,1017,2.68,clear sky
27/07/2026 17:12,Hamburg,19.61,47,1015,6.26,few clouds
27/07/2026 18:49,London,25.85,45,1017,2.24,overcast clouds
27/07/2026 18:49,Hamburg,17.5,59,1016,5.36,clear sky
27/07/2026 20:45,London,23.71,54,1018,0.89,broken clouds
27/07/2026 20:45,Hamburg,13.29,83,1017,2.48,clear sky
27/07/2026 22:29,London,21.87,65,1019,1.79,broken clouds
27/07/2026 22:29,Hamburg,13.81,80,1017,2.24,clear sky
28/07/2026 00:13,London,20.45,73,1019,1.79,scattered clouds
28/07/2026 00:13,Hamburg,13.42,83,1017,2.24,clear sky
28/07/2026 03:40,London,18.08,83,1019,0.45,scattered clouds
28/07/2026 03:40,Hamburg,12.31,91,1019,2.68,clear sky
28/07/2026 06:43,London,19.64,81,1020,2.68,overcast clouds
28/07/2026 06:43,Hamburg,15.28,83,1020,2.68,clear sky
28/07/2026 09:58,London,23.69,69,1019,2.68,overcast clouds
28/07/2026 09:58,Hamburg,21.53,72,1020,4.34,broken clouds
28/07/2026 12:15,London,26.98,57,1018,2.24,overcast clouds
28/07/2026 12:15,Hamburg,23.19,67,1020,4.04,broken clouds
28/07/2026 14:42,London,29.46,48,1017,2.24,broken clouds
28/07/2026 14:42,Hamburg,24.92,46,1020,3.58,broken clouds
28/07/2026 16:52,London,29.21,48,1016,2.68,broken clouds
28/07/2026 16:52,Hamburg,24.92,45,1020,2.24,overcast clouds
28/07/2026 18:49,London,28.15,53,1016,1.79,broken clouds
28/07/2026 18:49,Hamburg,23.42,62,1019,2.68,overcast clouds
28/07/2026 20:35,London,25.12,63,1017,2.68,broken clouds
28/07/2026 20:35,Hamburg,18.91,85,1020,0.25,overcast clouds
28/07/2026 22:26,London,22.88,68,1016,1.79,broken clouds
28/07/2026 22:26,Hamburg,18.71,89,1020,1.16,overcast clouds
29/07/2026 00:11,London,21.06,72,1016,0.45,scattered clouds
29/07/2026 00:11,Hamburg,18.7,86,1019,1.3,overcast clouds
29/07/2026 03:44,London,17.46,83,1015,1.26,clear sky
29/07/2026 03:44,Hamburg,17.78,84,1019,1.79,light rain
29/07/2026 06:47,London,21.11,73,1015,1,clear sky
29/07/2026 06:47,Hamburg,20.77,66,1019,1.79,overcast clouds
29/07/2026 09:59,London,28.4,49,1014,0.89,clear sky
29/07/2026 09:59,Hamburg,28.26,45,1018,3.61,overcast clouds
29/07/2026 12:23,London,32.64,37,1011,2.24,clear sky
29/07/2026 12:23,Hamburg,30.23,23,1017,4.92,overcast clouds
29/07/2026 14:35,London,34.18,29,1012,3.58,few clouds
29/07/2026 14:35,Hamburg,31.67,42,1016,3.14,broken clouds
29/07/2026 16:39,London,33.02,31,1012,4.47,few clouds
29/07/2026 16:39,Hamburg,31.4,17,1015,4.02,scattered clouds
29/07/2026 18:15,London,31.56,33,1013,4.02,few clouds
29/07/2026 18:15,Hamburg,27.67,54,1015,1.44,scattered clouds
29/07/2026 19:47,London,28.45,45,1013,4.92,clear sky
29/07/2026 19:47,Hamburg,24.33,65,1015,1.73,clear sky
29/07/2026 21:14,London,25.83,55,1013,2.68,clear sky
29/07/2026 21:14,Hamburg,22.64,69,1015,1.97,clear sky
29/07/2026 22:15,London,24.18,60,1013,2.68,clear sky
29/07/2026 22:15,Hamburg,20.66,71,1015,2.17,clear sky
29/07/2026 23:16,London,23.16,63,1013,1.79,clear sky
29/07/2026 23:16,Hamburg,20.47,71,1015,1.34,clear sky
30/07/2026 00:13,London,22.2,66,1013,0.89,clear sky
30/07/2026 00:13,Hamburg,20.38,72,1014,1.34,clear sky
30/07/2026 03:33,London,19.47,74,1013,1.34,clear sky
30/07/2026 03:33,Hamburg,19.92,70,1013,1.95,clear sky
30/07/2026 06:44,London,19.74,75,1014,0.89,overcast clouds
30/07/2026 06:44,Hamburg,22.98,62,1013,2.24,clear sky
30/07/2026 09:44,London,24.75,60,1015,2.68,overcast clouds
30/07/2026 09:44,Hamburg,33.16,38,1012,4.47,clear sky
30/07/2026 12:06,London,26.68,52,1015,3.13,overcast clouds
30/07/2026 12:06,Hamburg,35.11,29,1011,4.92,clear sky
30/07/2026 14:35,London,27.79,46,1014,3.13,broken clouds
30/07/2026 14:35,Hamburg,36.2,36,1010,6.71,light rain
30/07/2026 16:51,London,26.5,48,1014,2.01,broken clouds
30/07/2026 16:51,Hamburg,23.32,66,1013,7.01,moderate rain
30/07/2026 18:49,London,24.79,56,1015,2.68,overcast clouds
30/07/2026 18:49,Hamburg,21.1,84,1015,1.14,overcast clouds
30/07/2026 20:37,London,22.43,65,1016,0.89,overcast clouds
30/07/2026 20:37,Hamburg,20.42,81,1016,2.46,overcast clouds
30/07/2026 22:29,London,20.67,71,1016,0.89,overcast clouds
30/07/2026 22:29,Hamburg,18.75,87,1017,1.57,overcast clouds
31/07/2026 00:16,London,19.8,75,1016,0.45,overcast clouds
31/07/2026 00:16,Hamburg,17.6,95,1016,1.34,broken clouds
31/07/2026 03:54,London,16.99,66,1017,1.34,overcast clouds
31/07/2026 03:54,Hamburg,16.66,96,1017,1.31,broken clouds
31/07/2026 07:17,London,17.63,57,1018,0.89,overcast clouds
31/07/2026 07:17,Hamburg,17.6,92,1017,1.37,overcast clouds
31/07/2026 10:00,London,21.63,48,1018,2.24,scattered clouds
31/07/2026 12:20,London,23.81,39,1017,1.79,few clouds
31/07/2026 12:20,Hamburg,22.74,65,1015,3.58,overcast clouds
31/07/2026 14:40,London,25.82,31,1017,1.34,clear sky
31/07/2026 14:40,Hamburg,23.91,60,1014,1.79,overcast clouds
31/07/2026 16:58,London,26.64,27,1016,0.89,clear sky
31/07/2026 16:58,Hamburg,23.59,66,1013,3.13,light rain
31/07/2026 18:47,London,24.87,29,1017,0.89,clear sky
31/07/2026 18:47,Hamburg,19.92,85,1014,1.34,scattered clouds
31/07/2026 20:37,London,20.77,54,1018,1.34,clear sky
31/07/2026 20:37,Hamburg,18.69,86,1015,1.79,scattered clouds
31/07/2026 22:16,London,19.44,67,1018,0.45,clear sky
31/07/2026 22:16,Hamburg,15.67,89,1016,2.24,scattered clouds
31/07/2026 23:17,London,18.65,61,1018,0.89,scattered clouds
31/07/2026 23:17,Hamburg,15.01,93,1016,3.13,broken clouds
01/08/2026 00:13,London,18.13,57,1018,0.89,scattered clouds
01/08/2026 00:13,Hamburg,13.91,93,1016,2.24,broken clouds
01/08/2026 03:53,London,15.52,59,1019,1.34,broken clouds
01/08/2026 03:53,Hamburg,11.59,98,1017,2.24,broken clouds
01/08/2026 06:42,London,16.62,58,1020,1.34,clear sky
01/08/2026 06:42,Hamburg,14,90,1018,1.79,overcast clouds
01/08/2026 09:24,London,21.68,44,1019,1.34,clear sky
01/08/2026 09:24,Hamburg,18.9,62,1018,2.68,overcast clouds
01/08/2026 11:36,London,24,37,1019,2.24,clear sky
01/08/2026 11:36,Hamburg,19.94,51,1018,2.68,overcast clouds
01/08/2026 13:59,London,25.87,30,1018,1.34,clear sky
01/08/2026 13:59,Hamburg,21.5,46,1018,4.3,broken clouds
01/08/2026 15:30,London,26.87,28,1018,2.24,clear sky
01/08/2026 15:30,Hamburg,21.5,41,1019,4.92,scattered clouds
01/08/2026 17:19,London,26.1,29,1017,0.89,scattered clouds
01/08/2026 17:19,Hamburg,20.38,44,1019,4.47,few clouds
01/08/2026 18:14,London,25.35,31,1017,2.24,broken clouds
01/08/2026 18:14,Hamburg,19.82,45,1019,4.02,few clouds
01/08/2026 19:37,London,23.41,36,1017,0.45,overcast clouds
01/08/2026 19:37,Hamburg,16.53,68,1020,1.68,clear sky
01/08/2026 21:11,London,20.22,43,1018,0.45,overcast clouds
01/08/2026 21:11,Hamburg,13.8,76,1020,1.39,clear sky
01/08/2026 22:13,London,19.14,48,1018,0.45,overcast clouds
01/08/2026 22:13,Hamburg,13.7,77,1020,1.21,clear sky
01/08/2026 23:14,London,18.4,50,1018,3.47,overcast clouds
01/08/2026 23:14,Hamburg,11.78,92,1020,1.21,clear sky
02/08/2026 00:14,London,18.05,51,1018,2.24,broken clouds
02/08/2026 00:14,Hamburg,11.59,93,1020,1.65,clear sky
02/08/2026 03:57,London,15.13,62,1018,0.89,broken clouds
02/08/2026 03:57,Hamburg,11.39,90,1020,0.91,clear sky
02/08/2026 06:47,London,16.53,66,1018,2.24,overcast clouds
02/08/2026 06:47,Hamburg,15.48,75,1021,0.75,broken clouds
02/08/2026 09:24,London,23,52,1017,2.24,overcast clouds
02/08/2026 09:24,Hamburg,21.68,46,1021,0.89,broken clouds
02/08/2026 11:36,London,26.23,42,1016,2.68,overcast clouds
02/08/2026 11:36,Hamburg,22.71,37,1020,2.68,scattered clouds
02/08/2026 14:00,London,27.35,41,1015,2.68,overcast clouds
02/08/2026 14:00,Hamburg,22.9,36,1020,3.13,few clouds
02/08/2026 15:30,London,27.42,38,1014,3.13,broken clouds
02/08/2026 15:30,Hamburg,23.72,33,1019,1.79,scattered clouds
02/08/2026 17:25,London,25.64,37,1014,4.02,broken clouds
02/08/2026 17:25,Hamburg,23.61,41,1019,2.24,scattered clouds
02/08/2026 19:38,London,23.19,43,1014,5.81,overcast clouds
02/08/2026 19:38,Hamburg,18.81,63,1019,1.79,broken clouds
02/08/2026 21:12,London,21.66,52,1014,2.68,overcast clouds
02/08/2026 21:12,Hamburg,17.5,68,1019,2.68,broken clouds
02/08/2026 22:12,London,20.94,58,1014,1.79,overcast clouds
02/08/2026 22:12,Hamburg,17.2,70,1019,2.68,scattered clouds
02/08/2026 23:15,London,20.1,64,1013,2.24,overcast clouds
02/08/2026 23:15,Hamburg,14.92,82,1018,3.13,scattered clouds
03/08/2026 00:15,London,19.48,66,1013,2.24,overcast clouds
03/08/2026 00:15,Hamburg,13.81,86,1018,2.68,scattered clouds
03/08/2026 03:59,London,17.1,78,1012,1.34,broken clouds
03/08/2026 03:59,Hamburg,12.6,91,1018,0.89,overcast clouds
03/08/2026 07:50,London,21.33,70,1012,2.68,broken clouds
03/08/2026 07:50,Hamburg,20.2,60,1017,2.24,overcast clouds
03/08/2026 11:48,London,29.46,42,1010,2.24,overcast clouds
03/08/2026 11:48,Hamburg,26.63,48,1016,3.32,broken clouds
03/08/2026 15:20,London,31.02,35,1009,3.58,few clouds
03/08/2026 15:20,Hamburg,27.72,28,1014,4.02,clear sky
03/08/2026 17:21,London,30.16,38,1008,4.02,few clouds
03/08/2026 17:21,Hamburg,26.59,35,1013,4.47,scattered clouds
03/08/2026 18:59,London,26.31,46,1008,4.02,clear sky
03/08/2026 18:59,Hamburg,24.92,40,1013,4.92,few clouds
03/08/2026 20:39,London,23.51,60,1009,3.13,clear sky
03/08/2026 20:39,Hamburg,21.47,68,1013,3.14,clear sky
03/08/2026 22:28,London,21.6,70,1009,0.89,clear sky
03/08/2026 22:28,Hamburg,20.36,69,1013,3.36,clear sky
04/08/2026 00:16,London,20.48,74,1009,0.89,clear sky
04/08/2026 00:16,Hamburg,18.81,75,1012,2.68,scattered clouds
04/08/2026 03:42,London,17.52,84,1009,1.37,few clouds
04/08/2026 03:42,Hamburg,18.71,95,1012,2.24,moderate rain
04/08/2026 06:43,London,21.3,73,1009,2.22,overcast clouds
04/08/2026 06:43,Hamburg,18.81,96,1013,1.79,light rain
04/08/2026 10:00,London,27.64,42,1009,1.34,overcast clouds
04/08/2026 10:00,Hamburg,23.79,85,1013,2.86,overcast clouds
04/08/2026 12:20,London,30.07,42,1008,4.02,overcast clouds
04/08/2026 12:20,Hamburg,24.92,75,1013,3.58,broken clouds
04/08/2026 14:44,London,27.7,56,1009,5.81,overcast clouds
04/08/2026 14:44,Hamburg,28.89,60,1012,1.67,broken clouds
04/08/2026 17:05,London,25.51,64,1009,4.92,overcast clouds
04/08/2026 17:05,Hamburg,27.78,67,1011,1.98,scattered clouds
04/08/2026 18:56,London,24.22,65,1009,4.47,clear sky
04/08/2026 18:56,Hamburg,26.83,74,1011,3,clear sky
04/08/2026 20:46,London,22.15,72,1010,3.58,clear sky
04/08/2026 20:46,Hamburg,24.34,86,1011,2.51,light rain
04/08/2026 22:31,London,20.44,78,1010,3.58,clear sky
04/08/2026 22:31,Hamburg,24.53,80,1011,1.79,broken clouds
05/08/2026 00:16,London,19.5,81,1011,4.02,clear sky
05/08/2026 00:16,Hamburg,23.61,82,1011,2.68,moderate rain
05/08/2026 03:38,London,18.61,82,1011,2.24,scattered clouds
05/08/2026 03:38,Hamburg,21.83,87,1011,2.51,broken clouds
05/08/2026 06:45,London,19.51,81,1012,4.02,overcast clouds
05/08/2026 06:45,Hamburg,23.23,82,1012,4.04,clear sky
05/08/2026 09:59,London,22.33,63,1012,4.47,overcast clouds
05/08/2026 09:59,Hamburg,26.59,54,1012,4.02,clear sky
05/08/2026 12:18,London,24.86,47,1013,5.81,overcast clouds
05/08/2026 12:18,Hamburg,29.34,56,1012,4.88,clear sky
05/08/2026 14:37,London,24.72,39,1014,4.02,clear sky
05/08/2026 14:37,Hamburg,27.4,53,1013,3.63,overcast clouds
05/08/2026 16:54,London,24.61,35,1014,4.92,clear sky
05/08/2026 16:54,Hamburg,25.45,69,1013,1.43,overcast clouds
05/08/2026 18:56,London,22.04,41,1016,3.13,clear sky
05/08/2026 18:56,Hamburg,22.67,77,1014,2.83,broken clouds
05/08/2026 20:40,London,20.18,46,1017,4.47,clear sky
05/08/2026 20:40,Hamburg,20.37,82,1014,2.24,scattered clouds
05/08/2026 22:29,London,18.21,57,1018,4.02,clear sky
05/08/2026 22:29,Hamburg,19.34,89,1015,1.18,scattered clouds
06/08/2026 00:12,London,16.49,65,1019,3.13,few clouds
06/08/2026 00:12,Hamburg,18.81,90,1015,0.45,scattered clouds
06/08/2026 03:43,London,14.08,76,1020,0.89,clear sky
06/08/2026 03:43,Hamburg,18.41,83,1015,2.68,scattered clouds
06/08/2026 07:05,London,15.53,71,1021,2.24,clear sky
06/08/2026 07:05,Hamburg,18.9,76,1016,3.58,overcast clouds
06/08/2026 10:01,London,19.41,48,1022,1.34,clear sky
06/08/2026 10:01,Hamburg,22.61,57,1017,6.31,overcast clouds
06/08/2026 12:20,London,20.79,43,1022,3.13,clear sky
06/08/2026 12:20,Hamburg,23.72,53,1017,6.26,overcast clouds
06/08/2026 14:39,London,22.23,37,1022,4.47,clear sky
06/08/2026 14:39,Hamburg,22.79,51,1018,5.81,scattered clouds
07/08/2026 00:44,London,14.35,62,1024,2.02,overcast clouds
07/08/2026 00:44,Hamburg,14.91,93,1020,4.02,overcast clouds
07/08/2026 04:03,London,12.43,71,1024,1.21,few clouds
07/08/2026 04:03,Hamburg,14.81,91,1021,2.24,overcast clouds
07/08/2026 05:52,London,12.75,70,1024,0.95,few clouds
07/08/2026 05:52,Hamburg,14.91,87,1022,2.24,overcast clouds
07/08/2026 07:45,London,17.91,59,1025,1.34,clear sky
07/08/2026 07:45,Hamburg,16.69,72,1022,3.58,overcast clouds
07/08/2026 09:17,London,20.67,48,1024,0.89,clear sky
07/08/2026 09:17,Hamburg,17.79,63,1022,4.92,overcast clouds
07/08/2026 10:13,London,21.91,41,1023,3.13,clear sky
07/08/2026 10:13,Hamburg,18.26,69,1022,3.89,overcast clouds
07/08/2026 11:09,London,23.38,37,1023,1.34,clear sky
07/08/2026 11:09,Hamburg,17.8,63,1022,4.92,overcast clouds
07/08/2026 11:59,London,23.96,36,1023,0.89,clear sky
07/08/2026 11:59,Hamburg,18.19,70,1023,3.2,overcast clouds
07/08/2026 13:42,London,25.29,31,1022,2.24,clear sky
07/08/2026 13:42,Hamburg,20.36,63,1023,3.67,overcast clouds
07/08/2026 15:11,London,26.35,30,1021,0.89,clear sky
07/08/2026 15:11,Hamburg,19.32,57,1022,5.81,overcast clouds
07/08/2026 16:11,London,26.85,29,1021,2.24,clear sky
07/08/2026 16:11,Hamburg,19.37,64,1022,4.07,overcast clouds
07/08/2026 17:11,London,26.38,30,1020,1.79,clear sky
07/08/2026 17:11,Hamburg,18.75,62,1022,3.24,broken clouds
07/08/2026 18:05,London,26.2,31,1020,1.79,clear sky
07/08/2026 18:05,Hamburg,18.7,55,1022,4.02,broken clouds
07/08/2026 19:19,London,23.42,41,1021,0.45,clear sky
07/08/2026 19:19,Hamburg,16.58,67,1023,2.68,clear sky
07/08/2026 20:02,London,21.72,47,1021,2.24,clear sky
07/08/2026 20:02,Hamburg,16.3,69,1023,2.68,clear sky
07/08/2026 21:02,London,20.38,53,1022,2.68,scattered clouds
07/08/2026 21:02,Hamburg,13.69,81,1023,1.79,clear sky
07/08/2026 21:57,London,19.28,57,1022,1.79,scattered clouds
07/08/2026 21:57,Hamburg,12.58,86,1023,0.89,clear sky
07/08/2026 22:56,London,17.48,63,1022,2.27,scattered clouds
07/08/2026 22:56,Hamburg,11.58,90,1023,1.07,clear sky
07/08/2026 23:50,London,16.82,66,1021,0.89,few clouds
07/08/2026 23:50,Hamburg,10.57,94,1023,0.91,clear sky
08/08/2026 02:23,London,14.31,75,1021,1.61,scattered clouds
08/08/2026 02:23,Hamburg,9.83,94,1023,1.2,few clouds
08/08/2026 04:30,London,12.92,84,1020,1.62,scattered clouds
08/08/2026 04:30,Hamburg,9.27,94,1024,1.19,clear sky
08/08/2026 05:59,London,14.06,78,1021,1.53,few clouds
08/08/2026 05:59,Hamburg,10.48,95,1024,1.34,clear sky
08/08/2026 07:17,London,16.28,75,1021,1.92,few clouds
08/08/2026 07:17,Hamburg,16.5,75,1024,1.21,clear sky
08/08/2026 08:02,London,18.86,63,1021,1.34,few clouds
08/08/2026 08:02,Hamburg,17.89,69,1024,1.26,clear sky
08/08/2026 09:03,London,22.3,50,1020,1.79,scattered clouds
08/08/2026 09:03,Hamburg,19.09,61,1024,1.25,clear sky
08/08/2026 09:56,London,23.97,46,1020,2.24,broken clouds
08/08/2026 09:56,Hamburg,19.83,58,1024,1.79,few clouds
08/08/2026 10:53,London,25.57,41,1019,2.68,broken clouds
08/08/2026 10:53,Hamburg,20.04,57,1023,1.5,few clouds
08/08/2026 11:47,London,26.36,39,1019,3.13,broken clouds
08/08/2026 11:47,Hamburg,20.6,53,1023,1.34,few clouds
08/08/2026 13:15,London,27.72,34,1018,2.24,overcast clouds
08/08/2026 13:15,Hamburg,24.3,47,1022,1.4,broken clouds
08/08/2026 14:00,London,28.51,31,1017,2.68,overcast clouds
08/08/2026 14:00,Hamburg,24.34,47,1022,1.3,broken clouds
08/08/2026 14:51,London,28.15,30,1017,3.13,overcast clouds
08/08/2026 14:51,Hamburg,23.82,35,1021,1.21,scattered clouds
08/08/2026 15:49,London,28.64,29,1017,2.24,overcast clouds
08/08/2026 15:49,Hamburg,23.72,37,1021,2.68,scattered clouds
08/08/2026 16:55,London,27.38,30,1016,3.13,overcast clouds
08/08/2026 16:55,Hamburg,23.23,51,1020,1,scattered clouds
08/08/2026 17:49,London,26.58,31,1016,0.89,overcast clouds
08/08/2026 17:49,Hamburg,23.7,37,1020,2.68,scattered clouds
08/08/2026 19:02,London,25.32,36,1016,3.13,overcast clouds
08/08/2026 19:02,Hamburg,19.9,65,1020,1.83,clear sky
08/08/2026 19:46,London,24.22,37,1016,2.68,overcast clouds
08/08/2026 19:46,Hamburg,18.19,70,1020,2.23,clear sky
08/08/2026 20:51,London,22.39,43,1016,0.45,overcast clouds
08/08/2026 20:51,Hamburg,17.05,73,1020,2.54,clear sky
08/08/2026 21:48,London,21.35,46,1016,1.65,overcast clouds
08/08/2026 21:48,Hamburg,17.5,68,1020,2.24,clear sky
08/08/2026 22:49,London,19.1,52,1016,1.4,overcast clouds
08/08/2026 22:49,Hamburg,14.28,81,1020,1.79,few clouds
08/08/2026 23:47,London,18.04,58,1016,1.44,broken clouds
08/08/2026 23:47,Hamburg,16.3,69,1019,2.24,few clouds
09/08/2026 02:31,London,16.12,67,1014,1.28,clear sky
09/08/2026 02:31,Hamburg,13.71,77,1018,2.24,broken clouds
09/08/2026 04:39,London,15.88,68,1014,1.3,clear sky
09/08/2026 04:39,Hamburg,13.61,78,1017,2.24,broken clouds
09/08/2026 06:01,London,16.7,69,1014,0.97,clear sky
09/08/2026 06:01,Hamburg,14.09,76,1017,2.68,broken clouds
09/08/2026 07:25,London,20.01,59,1014,1.01,scattered clouds
09/08/2026 07:25,Hamburg,19.09,57,1016,3.58,few clouds
09/08/2026 09:04,London,23.37,47,1013,0.83,scattered clouds
09/08/2026 09:04,Hamburg,24.8,53,1015,4.24,broken clouds
09/08/2026 09:59,London,26,37,1013,0.89,scattered clouds
09/08/2026 09:59,Hamburg,26.98,47,1014,4.24,scattered clouds
09/08/2026 10:55,London,27.74,32,1013,1.34,scattered clouds
09/08/2026 10:55,Hamburg,28.19,44,1014,3.76,broken clouds
09/08/2026 11:48,London,28.94,30,1013,0.89,broken clouds
09/08/2026 11:48,Hamburg,30.39,39,1013,3.41,broken clouds
09/08/2026 13:18,London,30.93,27,1012,2.68,overcast clouds
09/08/2026 13:18,Hamburg,31.6,35,1012,3.55,broken clouds
09/08/2026 14:01,London,31.41,28,1011,0.89,broken clouds
09/08/2026 14:01,Hamburg,32.12,36,1011,3.42,broken clouds
09/08/2026 14:55,London,32.45,28,1011,2.24,broken clouds
09/08/2026 14:55,Hamburg,30.67,14,1011,3.13,scattered clouds
09/08/2026 15:50,London,32.35,27,1011,1.34,broken clouds
09/08/2026 15:50,Hamburg,30.48,81,1011,3.58,scattered clouds
09/08/2026 16:57,London,31.8,26,1010,2.68,broken clouds
09/08/2026 16:57,Hamburg,28.4,34,1011,6.26,scattered clouds
09/08/2026 17:50,London,30.79,26,1010,1.34,scattered clouds
09/08/2026 17:50,Hamburg,26.28,34,1011,4.92,scattered clouds
09/08/2026 19:05,London,28.95,32,1011,2.68,few clouds
09/08/2026 19:05,Hamburg,24.92,35,1012,4.92,broken clouds
09/08/2026 19:50,London,27.07,35,1012,1.79,broken clouds
09/08/2026 19:50,Hamburg,22.28,48,1012,3.13,broken clouds
09/08/2026 20:54,London,25.8,38,1013,1.79,broken clouds
09/08/2026 20:54,Hamburg,19.82,63,1012,1.27,overcast clouds
09/08/2026 21:50,London,24.99,43,1013,1.34,broken clouds
09/08/2026 21:50,Hamburg,17.88,74,1012,1,overcast clouds
09/08/2026 22:53,London,23.54,49,1014,0.89,broken clouds
09/08/2026 22:53,Hamburg,17.97,72,1012,0.56,overcast clouds
09/08/2026 23:50,London,22.44,53,1014,1.34,broken clouds
09/08/2026 23:50,Hamburg,17.98,72,1012,1.49,overcast clouds
10/08/2026 02:37,London,19.7,65,1014,1.34,overcast clouds
10/08/2026 02:37,Hamburg,19.8,60,1011,2.24,overcast clouds
10/08/2026 04:57,London,17.83,75,1016,1.34,broken clouds
10/08/2026 04:57,Hamburg,19.8,67,1011,2.24,light rain
10/08/2026 06:44,London,19.05,73,1017,0.45,clear sky
10/08/2026 06:44,Hamburg,20.65,63,1011,2.24,overcast clouds
10/08/2026 08:53,London,22.22,63,1018,2.24,broken clouds
10/08/2026 08:53,Hamburg,18.9,75,1013,1.79,moderate rain
10/08/2026 10:38,London,23.72,55,1019,1.34,broken clouds
10/08/2026 10:38,Hamburg,16.78,89,1014,1.79,overcast clouds
10/08/2026 12:02,London,24.44,49,1019,1.79,overcast clouds
10/08/2026 12:02,Hamburg,18.81,84,1014,4.47,overcast clouds
10/08/2026 13:47,London,26.22,42,1019,1.34,overcast clouds
10/08/2026 13:47,Hamburg,20.94,74,1015,4.98,broken clouds
10/08/2026 15:25,London,26.62,38,1019,1.79,overcast clouds
10/08/2026 15:25,Hamburg,20.49,63,1016,6.26,scattered clouds
10/08/2026 17:11,London,26.34,41,1019,1.79,overcast clouds
10/08/2026 17:11,Hamburg,19.81,54,1017,6.26,scattered clouds
10/08/2026 18:05,London,25.47,48,1020,4.02,overcast clouds
10/08/2026 18:05,Hamburg,19.61,55,1017,6.26,scattered clouds
10/08/2026 19:22,London,21.56,68,1020,3.58,broken clouds
10/08/2026 19:22,Hamburg,16.59,64,1018,5.36,clear sky
10/08/2026 20:05,London,20.37,71,1021,2.68,broken clouds
10/08/2026 20:05,Hamburg,16.59,60,1019,5.36,clear sky
10/08/2026 21:04,London,19.22,72,1022,2.68,overcast clouds
10/08/2026 21:04,Hamburg,15.47,70,1019,3.58,clear sky
10/08/2026 22:00,London,18.37,72,1022,2.24,broken clouds
10/08/2026 22:00,Hamburg,14.61,81,1020,2.68,scattered clouds
10/08/2026 22:58,London,18.01,73,1023,2.68,broken clouds
10/08/2026 22:58,Hamburg,12.68,84,1020,4.29,scattered clouds
10/08/2026 23:52,London,17.56,74,1023,2.24,broken clouds
10/08/2026 23:52,Hamburg,12.11,88,1020,5.52,broken clouds
11/08/2026 02:30,London,16.7,77,1023,0.89,scattered clouds
11/08/2026 02:30,Hamburg,11.59,86,1022,1.79,broken clouds
11/08/2026 04:42,London,15.3,81,1024,0.89,scattered clouds
11/08/2026 04:42,Hamburg,10.5,91,1022,2.49,broken clouds
11/08/2026 06:07,London,15.8,82,1024,1.79,scattered clouds
11/08/2026 06:07,Hamburg,13.79,82,1022,3.39,scattered clouds
11/08/2026 07:40,London,19.09,75,1024,1.79,clear sky
11/08/2026 07:40,Hamburg,15.49,72,1024,3.13,overcast clouds
11/08/2026 09:16,London,21.58,63,1024,4.02,clear sky
11/08/2026 09:16,Hamburg,17.7,55,1024,4.92,overcast clouds
11/08/2026 10:13,London,23.4,58,1024,3.58,clear sky
11/08/2026 10:13,Hamburg,17.81,56,1024,4.02,broken clouds
11/08/2026 11:07,London,24.03,54,1024,3.58,clear sky
11/08/2026 11:07,Hamburg,20.94,52,1025,4.58,broken clouds
11/08/2026 12:00,London,25.06,50,1024,4.47,clear sky
11/08/2026 12:00,Hamburg,18.93,48,1025,4.47,broken clouds
11/08/2026 13:45,London,25.89,48,1023,2.24,clear sky
11/08/2026 13:45,Hamburg,20.46,53,1025,4.81,few clouds
11/08/2026 15:17,London,25.26,48,1023,4.02,clear sky
11/08/2026 15:17,Hamburg,18.92,48,1025,5.36,few clouds
11/08/2026 16:12,London,25.75,47,1023,3.1,clear sky
11/08/2026 16:12,Hamburg,18.91,46,1025,5.36,scattered clouds
11/08/2026 17:15,London,24.62,50,1022,3.13,clear sky
11/08/2026 17:15,Hamburg,18.67,49,1026,4.92,scattered clouds
11/08/2026 18:08,London,23.01,55,1022,2.68,few clouds
11/08/2026 18:08,Hamburg,18.33,47,1026,4.92,scattered clouds
11/08/2026 19:28,London,21.04,63,1022,3.13,few clouds
11/08/2026 19:28,Hamburg,15.2,62,1026,3.13,few clouds
11/08/2026 21:06,London,19.35,73,1023,2.68,few clouds
11/08/2026 21:06,Hamburg,13.2,71,1027,1.79,few clouds
11/08/2026 22:07,London,18.77,76,1024,2.68,few clouds
11/08/2026 22:07,Hamburg,10.76,79,1027,1.79,few clouds
11/08/2026 23:05,London,18.41,78,1024,1.79,few clouds
11/08/2026 23:05,Hamburg,9.83,84,1028,0.89,few clouds
12/08/2026 00:02,London,17.94,81,1023,1.34,few clouds
12/08/2026 00:02,Hamburg,9.21,82,1028,1.32,few clouds
12/08/2026 02:47,London,16.58,84,1023,0.89,few clouds
12/08/2026 02:47,Hamburg,6.93,98,1028,0.62,few clouds
12/08/2026 05:07,London,16.39,86,1023,0.45,few clouds
12/08/2026 05:07,Hamburg,8.35,92,1028,0.42,scattered clouds
12/08/2026 06:45,London,19.06,74,1023,1.34,clear sky
12/08/2026 06:45,Hamburg,13.99,74,1029,0.9,clear sky
12/08/2026 08:41,London,23.42,56,1023,4.63,few clouds
12/08/2026 08:41,Hamburg,17.14,55,1029,1.03,clear sky
12/08/2026 10:29,London,26.55,45,1023,1.34,few clouds
12/08/2026 10:29,Hamburg,18.87,49,1029,2.06,clear sky
12/08/2026 12:01,London,29.82,36,1022,1.79,few clouds
12/08/2026 12:01,Hamburg,21.09,46,1028,2.06,few clouds
12/08/2026 13:51,London,31.65,31,1022,2.24,few clouds
12/08/2026 13:51,Hamburg,23.21,39,1028,2.06,broken clouds
12/08/2026 15:16,London,32.87,32,1021,2.24,few clouds
12/08/2026 15:16,Hamburg,23.46,35,1028,2.06,broken clouds
12/08/2026 16:11,London,32.71,34,1021,1.8,few clouds
12/08/2026 16:11,Hamburg,23.88,30,1028,3.09,broken clouds
12/08/2026 17:15,London,31.85,36,1021,2.24,scattered clouds
12/08/2026 17:15,Hamburg,23.79,33,1027,2.68,overcast clouds
12/08/2026 18:09,London,30.22,38,1021,2.68,scattered clouds
12/08/2026 18:09,Hamburg,21.66,42,1027,1.03,overcast clouds
12/08/2026 19:29,London,27.09,44,1021,1.79,few clouds
12/08/2026 19:29,Hamburg,18.66,59,1028,4.12,broken clouds
12/08/2026 21:05,London,24.09,54,1022,5.14,clear sky
12/08/2026 21:05,Hamburg,15.87,73,1028,3.09,overcast clouds
12/08/2026 22:05,London,22.99,59,1022,4.63,clear sky
12/08/2026 22:05,Hamburg,15.02,76,1028,2.46,overcast clouds
12/08/2026 23:04,London,21.96,63,1022,0.89,clear sky
12/08/2026 23:04,Hamburg,13.83,79,1028,2.48,overcast clouds
13/08/2026 00:00,London,20.88,68,1022,2.06,clear sky
13/08/2026 00:00,Hamburg,13.72,85,1028,2.48,overcast clouds
13/08/2026 03:02,London,18.61,79,1022,2.06,clear sky
13/08/2026 03:02,Hamburg,12.73,85,1028,2.06,scattered clouds
13/08/2026 05:10,London,18.05,80,1021,0.89,clear sky
13/08/2026 05:10,Hamburg,12.2,89,1027,2.06,few clouds
13/08/2026 06:49,London,20.83,73,1021,1.54,clear sky
13/08/2026 06:49,Hamburg,15.71,73,1027,2.57,clear sky
13/08/2026 08:45,London,26.33,55,1021,0.89,clear sky
13/08/2026 08:45,Hamburg,22.95,48,1027,2.57,few clouds
13/08/2026 10:30,London,31.65,36,1021,1.34,clear sky
13/08/2026 10:30,Hamburg,25.68,23,1027,3.11,few clouds
13/08/2026 12:01,London,34.67,26,1020,3.1,clear sky
13/08/2026 12:01,Hamburg,26.9,15,1026,3.13,few clouds
13/08/2026 13:51,London,36.45,24,1019,3.13,clear sky
13/08/2026 13:51,Hamburg,29,28,1025,4.12,scattered clouds
13/08/2026 15:17,London,36.71,22,1019,3.4,clear sky
13/08/2026 15:17,Hamburg,28.83,28,1025,3.09,scattered clouds
13/08/2026 16:11,London,36.15,23,1018,3.13,clear sky
13/08/2026 16:11,Hamburg,28.84,27,1024,4.12,scattered clouds
13/08/2026 17:16,London,35.2,24,1018,3.8,clear sky
13/08/2026 17:16,Hamburg,28.84,28,1024,3.6,scattered clouds
13/08/2026 18:10,London,33.57,27,1018,2,clear sky
13/08/2026 18:10,Hamburg,27.78,32,1023,3.6,few clouds
13/08/2026 19:28,London,31.16,31,1018,4.63,clear sky
13/08/2026 19:28,Hamburg,22.68,39,1023,2.36,clear sky
13/08/2026 21:06,London,26.38,43,1018,1.48,clear sky
13/08/2026 21:06,Hamburg,20.17,51,1023,2.57,clear sky
13/08/2026 22:05,London,24.56,46,1018,2.06,clear sky
13/08/2026 22:05,Hamburg,19.47,54,1023,2.57,clear sky
13/08/2026 23:05,London,24.62,47,1018,0.89,clear sky
13/08/2026 23:05,Hamburg,17.99,59,1023,2.06,clear sky
14/08/2026 00:01,London,24.14,44,1018,1.34,clear sky
14/08/2026 00:01,Hamburg,18.43,53,1022,2.06,clear sky
14/08/2026 03:00,London,21.71,55,1018,0.89,scattered clouds
14/08/2026 03:00,Hamburg,16.34,60,1021,2.06,clear sky
14/08/2026 05:07,London,20.36,64,1017,0.7,scattered clouds
14/08/2026 05:07,Hamburg,14.61,67,1020,2.06,clear sky
14/08/2026 06:45,London,21.66,65,1018,1.1,clear sky
14/08/2026 06:45,Hamburg,18.81,50,1020,2.68,few clouds
14/08/2026 08:39,London,25.91,55,1017,3.09,clear sky
14/08/2026 08:39,Hamburg,24.88,37,1019,5.14,broken clouds
14/08/2026 10:26,London,29.64,47,1017,1.8,clear sky
14/08/2026 10:26,Hamburg,29.28,31,1018,3.09,broken clouds
14/08/2026 11:59,London,32.3,40,1016,2.06,clear sky
14/08/2026 11:59,Hamburg,31.18,27,1017,4.12,scattered clouds
14/08/2026 13:47,London,33.87,34,1015,2.57,broken clouds
14/08/2026 13:47,Hamburg,33.26,21,1016,3.6,broken clouds
14/08/2026 15:09,London,34.65,32,1014,3.6,broken clouds
14/08/2026 15:09,Hamburg,34.15,22,1015,4.02,broken clouds
14/08/2026 16:07,London,34.4,33,1014,3.1,broken clouds
14/08/2026 16:07,Hamburg,33.88,22,1014,3.6,broken clouds
14/08/2026 17:14,London,34,34,1014,2.24,scattered clouds
14/08/2026 17:14,Hamburg,33.87,19,1014,3.13,broken clouds
14/08/2026 18:08,London,32.98,36,1013,2.57,scattered clouds
14/08/2026 18:08,Hamburg,30.67,20,1014,1.93,scattered clouds
14/08/2026 19:16,London,30.68,39,1013,5.4,clear sky
14/08/2026 19:16,Hamburg,25.36,41,1013,1.54,clear sky
14/08/2026 19:57,London,29.58,42,1014,1.8,few clouds
14/08/2026 19:57,Hamburg,24.67,44,1013,1.54,clear sky
14/08/2026 20:48,London,26.89,51,1014,3.13,scattered clouds
14/08/2026 20:48,Hamburg,23.16,52,1013,1.54,few clouds
14/08/2026 21:43,London,25.36,55,1015,4.12,broken clouds
14/08/2026 21:43,Hamburg,21.47,60,1013,1.03,few clouds
14/08/2026 22:43,London,24.38,58,1015,3.6,broken clouds
14/08/2026 22:43,Hamburg,20,65,1013,1.54,few clouds
14/08/2026 23:40,London,23.58,61,1015,2.06,broken clouds
14/08/2026 23:40,Hamburg,18.99,75,1013,0.51,scattered clouds
15/08/2026 01:52,London,23.05,64,1015,2.2,overcast clouds
15/08/2026 01:52,Hamburg,17.63,73,1012,1.03,broken clouds
15/08/2026 03:07,London,22.35,66,1016,3.6,overcast clouds
15/08/2026 03:07,Hamburg,15.54,85,1012,1.54,broken clouds
15/08/2026 03:56,London,21.77,66,1016,3.09,overcast clouds
15/08/2026 03:56,Hamburg,15.06,86,1013,1.03,scattered clouds
15/08/2026 04:50,London,20.87,66,1016,4.12,overcast clouds
15/08/2026 04:50,Hamburg,15.51,84,1013,2.06,scattered clouds
15/08/2026 05:44,London,20.43,67,1016,3.09,overcast clouds
15/08/2026 05:44,Hamburg,18.11,77,1013,2.57,scattered clouds
15/08/2026 07:00,London,20.22,71,1016,4,overcast clouds
15/08/2026 07:00,Hamburg,19.92,72,1013,3.09,overcast clouds
15/08/2026 07:46,London,21.25,72,1017,2.24,overcast clouds
15/08/2026 07:46,Hamburg,21.98,64,1013,4.12,broken clouds
15/08/2026 08:48,London,22.83,70,1017,4.12,overcast clouds
15/08/2026 08:48,Hamburg,23.54,60,1014,4.63,broken clouds
15/08/2026 09:43,London,24.49,66,1016,4.12,overcast clouds
15/08/2026 09:43,Hamburg,25.14,61,1014,5.66,scattered clouds
15/08/2026 10:42,London,25.3,62,1016,4.12,overcast clouds
15/08/2026 10:42,Hamburg,25.46,56,1014,6.17,scattered clouds
15/08/2026 11:37,London,26.53,57,1016,1.34,overcast clouds
15/08/2026 11:37,Hamburg,27.33,50,1014,5.66,moderate rain
15/08/2026 13:01,London,27.31,52,1016,4.3,overcast clouds
15/08/2026 13:01,Hamburg,25.41,62,1014,5.66,overcast clouds
15/08/2026 13:45,London,27.42,51,1016,4.12,overcast clouds
15/08/2026 13:45,Hamburg,24.49,63,1014,5.66,broken clouds
15/08/2026 14:42,London,27.43,52,1016,5.66,overcast clouds
15/08/2026 14:42,Hamburg,24.6,60,1014,5.66,overcast clouds
15/08/2026 15:38,London,26.28,55,1016,2.24,overcast clouds
15/08/2026 15:38,Hamburg,23.4,61,1014,5.66,overcast clouds
15/08/2026 16:43,London,26.25,55,1016,4.12,overcast clouds
15/08/2026 16:43,Hamburg,22.78,61,1014,6.17,overcast clouds
15/08/2026 17:38,London,25.56,57,1016,3.6,overcast clouds
15/08/2026 17:38,Hamburg,20.32,69,1014,5.66,overcast clouds
15/08/2026 18:50,London,24.74,61,1016,2.24,overcast clouds
15/08/2026 18:50,Hamburg,19.3,70,1015,5.14,overcast clouds
15/08/2026 19:38,London,23.92,66,1016,5.14,overcast clouds
15/08/2026 19:38,Hamburg,18.54,71,1016,4.12,overcast clouds
15/08/2026 20:41,London,21.91,77,1017,6.17,overcast clouds
15/08/2026 20:41,Hamburg,17.51,71,1015,4.12,overcast clouds
15/08/2026 21:38,London,20.81,80,1018,5.14,overcast clouds
15/08/2026 21:38,Hamburg,17.12,72,1016,3.6,overcast clouds
15/08/2026 22:41,London,20.2,81,1018,4.12,broken clouds
15/08/2026 22:41,Hamburg,16.25,75,1016,3.13,overcast clouds
15/08/2026 23:37,London,19.53,82,1018,4.12,broken clouds
15/08/2026 23:37,Hamburg,16.24,73,1016,3.6,overcast clouds
16/08/2026 01:59,London,18.64,83,1018,1.54,overcast clouds
16/08/2026 01:59,Hamburg,14.06,86,1016,1.54,overcast clouds
16/08/2026 03:14,London,17.84,85,1018,1.54,broken clouds
16/08/2026 03:14,Hamburg,13.13,89,1016,2.06,overcast clouds
16/08/2026 04:02,London,17.31,83,1018,1.54,broken clouds
16/08/2026 04:02,Hamburg,12.11,91,1016,2.06,broken clouds
16/08/2026 04:52,London,16.94,85,1018,2.06,overcast clouds
16/08/2026 04:52,Hamburg,11.96,93,1016,2.06,broken clouds
16/08/2026 05:46,London,16.92,84,1018,1.54,overcast clouds
16/08/2026 05:46,Hamburg,13.75,87,1016,1.03,broken clouds
16/08/2026 07:02,London,18.02,82,1018,1.54,overcast clouds
16/08/2026 07:02,Hamburg,16.23,81,1016,1.54,few clouds
16/08/2026 07:48,London,18.85,79,1018,1.54,overcast clouds
16/08/2026 07:48,Hamburg,18.38,71,1016,3.09,clear sky
16/08/2026 08:49,London,20.75,74,1018,1.54,overcast clouds
16/08/2026 08:49,Hamburg,19.33,66,1016,3.09,clear sky
16/08/2026 09:45,London,21.96,69,1018,1.34,overcast clouds
16/08/2026 09:45,Hamburg,20.39,59,1016,3.6,few clouds
16/08/2026 10:43,London,23.16,64,1018,1.34,overcast clouds
16/08/2026 10:43,Hamburg,21.22,54,1016,3.6,few clouds
16/08/2026 11:37,London,23.76,62,1018,3.1,overcast clouds
16/08/2026 11:37,Hamburg,22.61,50,1015,4.63,few clouds
16/08/2026 13:03,London,24.8,59,1017,2.57,overcast clouds
16/08/2026 13:03,Hamburg,22.64,53,1016,4.63,few clouds
16/08/2026 13:46,London,25.41,55,1017,2.5,overcast clouds
16/08/2026 13:46,Hamburg,22.88,55,1015,5.14,scattered clouds
16/08/2026 14:42,London,26.1,52,1017,2.24,overcast clouds
16/08/2026 14:42,Hamburg,22.83,54,1015,5.14,broken clouds
16/08/2026 15:39,London,26.13,52,1017,2.57,overcast clouds
16/08/2026 15:39,Hamburg,21.79,55,1015,5.66,broken clouds
16/08/2026 16:44,London,25.94,53,1016,3.6,overcast clouds
16/08/2026 16:44,Hamburg,21.08,56,1015,5.14,broken clouds
16/08/2026 17:37,London,25.82,54,1016,3.13,overcast clouds
16/08/2026 17:37,Hamburg,20.69,57,1015,4.63,broken clouds
16/08/2026 18:49,London,24.95,57,1016,4.63,overcast clouds
16/08/2026 18:49,Hamburg,19.4,58,1015,3.13,overcast clouds
16/08/2026 19:37,London,24.19,59,1016,4.12,overcast clouds
16/08/2026 19:37,Hamburg,18.31,64,1015,3.09,overcast clouds
16/08/2026 20:40,London,23.2,64,1016,3.13,broken clouds
16/08/2026 20:40,Hamburg,17.78,69,1015,3.09,overcast clouds
16/08/2026 21:36,London,22.62,67,1016,6.17,broken clouds
16/08/2026 21:36,Hamburg,16.84,71,1014,2.57,overcast clouds
16/08/2026 22:40,London,22.25,70,1015,4.63,light rain
16/08/2026 22:40,Hamburg,16.58,73,1014,2.57,overcast clouds
16/08/2026 23:36,London,21.56,71,1015,3.6,overcast clouds
16/08/2026 23:36,Hamburg,16.17,78,1014,3.09,overcast clouds
17/08/2026 01:57,London,20.47,68,1015,2.24,overcast clouds
17/08/2026 01:57,Hamburg,15.5,81,1014,1.54,broken clouds
17/08/2026 03:14,London,19.85,59,1015,1.8,overcast clouds
17/08/2026 03:14,Hamburg,14.33,85,1013,2.06,broken clouds
17/08/2026 04:05,London,19.16,58,1015,0.45,overcast clouds
17/08/2026 04:05,Hamburg,14.21,87,1013,1.03,broken clouds
17/08/2026 05:01,London,18.95,60,1015,1.34,overcast clouds
17/08/2026 05:01,Hamburg,14.57,87,1013,1.54,broken clouds
17/08/2026 05:53,London,18.44,65,1016,2.06,overcast clouds
17/08/2026 05:53,Hamburg,15.5,84,1013,1.54,broken clouds
17/08/2026 07:25,London,19.73,62,1016,2.57,overcast clouds
17/08/2026 07:25,Hamburg,16.4,79,1013,2.06,overcast clouds
17/08/2026 09:02,London,21.97,57,1016,2.57,overcast clouds
17/08/2026 09:02,Hamburg,15.57,89,1012,2.57,light rain
17/08/2026 10:00,London,23.64,54,1016,2.24,broken clouds
17/08/2026 10:00,Hamburg,15.73,89,1012,3.09,light rain
17/08/2026 10:50,London,24.9,51,1016,2.68,broken clouds
17/08/2026 10:50,Hamburg,15.29,91,1012,3.6,overcast clouds
17/08/2026 11:43,London,25.14,51,1016,2.68,broken clouds
17/08/2026 11:43,Hamburg,15.88,90,1012,3.6,overcast clouds
17/08/2026 13:09,London,26.51,48,1016,0.89,overcast clouds
17/08/2026 13:09,Hamburg,16.56,91,1012,3.6,overcast clouds
17/08/2026 13:55,London,26.72,49,1015,2.06,overcast clouds
17/08/2026 13:55,Hamburg,16.8,85,1012,6.17,overcast clouds
17/08/2026 14:47,London,26.84,49,1015,0.89,overcast clouds
17/08/2026 14:47,Hamburg,17.52,77,1012,4.63,overcast clouds
17/08/2026 15:43,London,26.82,47,1015,2,overcast clouds
17/08/2026 15:43,Hamburg,17.91,74,1012,5.14,moderate rain
17/08/2026 16:48,London,27.22,45,1014,2.2,overcast clouds
17/08/2026 16:48,Hamburg,18.03,73,1012,6.69,overcast clouds
17/08/2026 17:47,London,26.78,47,1014,1.54,overcast clouds
17/08/2026 17:47,Hamburg,16.61,78,1012,5.66,light rain
17/08/2026 19:00,London,25.94,54,1014,4.12,broken clouds
17/08/2026 19:00,Hamburg,15.63,82,1012,4.47,clear sky
17/08/2026 19:44,London,25.36,57,1014,1.79,broken clouds
17/08/2026 19:44,Hamburg,15.28,86,1012,4.63,clear sky
17/08/2026 20:46,London,23.84,59,1014,3.1,broken clouds
17/08/2026 20:46,Hamburg,14.87,91,1012,3.6,clear sky
17/08/2026 21:43,London,23.24,56,1013,4.63,broken clouds
17/08/2026 21:43,Hamburg,14.75,90,1012,3.09,clear sky
17/08/2026 22:44,London,22.66,61,1014,3.13,broken clouds
17/08/2026 22:44,Hamburg,14.41,91,1012,3.09,clear sky
17/08/2026 23:40,London,21.63,65,1013,2.68,broken clouds
17/08/2026 23:40,Hamburg,13.26,94,1012,2.06,light rain
18/08/2026 01:53,London,20.21,63,1012,5.66,overcast clouds
18/08/2026 01:53,Hamburg,13.48,97,1012,2.06,light rain
18/08/2026 03:11,London,19.22,72,1012,5.66,overcast clouds
18/08/2026 03:11,Hamburg,12.91,98,1011,2.57,overcast clouds
18/08/2026 04:01,London,18.39,78,1012,3.6,overcast clouds
18/08/2026 04:01,Hamburg,12.93,99,1011,2.57,overcast clouds
18/08/2026 04:54,London,18.6,79,1011,4.63,overcast clouds
18/08/2026 04:54,Hamburg,13.22,97,1011,2.06,overcast clouds
18/08/2026 05:47,London,19.07,80,1011,4.63,overcast clouds
18/08/2026 05:47,Hamburg,13.68,95,1010,2.57,overcast clouds
18/08/2026 07:07,London,19.93,82,1011,4.63,overcast clouds
18/08/2026 07:07,Hamburg,14.21,94,1010,2.57,overcast clouds
18/08/2026 07:56,London,20.32,82,1011,4.02,overcast clouds
18/08/2026 07:56,Hamburg,14.87,91,1009,2.57,overcast clouds
18/08/2026 08:56,London,20.53,82,1011,5.14,overcast clouds
18/08/2026 08:56,Hamburg,16.14,82,1009,2.24,overcast clouds
18/08/2026 09:51,London,21.11,81,1011,5.14,overcast clouds
18/08/2026 09:51,Hamburg,16.82,79,1009,2.57,overcast clouds
18/08/2026 10:49,London,22.32,76,1011,5.14,overcast clouds
18/08/2026 10:49,Hamburg,18.4,72,1008,3.09,overcast clouds
18/08/2026 11:44,London,23.56,71,1011,5.14,overcast clouds
18/08/2026 11:44,Hamburg,18.21,68,1008,3.13,overcast clouds
18/08/2026 13:11,London,24.58,61,1010,6.17,overcast clouds
18/08/2026 13:11,Hamburg,18.58,69,1008,3.58,overcast clouds
18/08/2026 13:59,London,25.46,55,1010,4.63,overcast clouds
18/08/2026 13:59,Hamburg,18.23,72,1007,2.68,overcast clouds
18/08/2026 14:54,London,25.38,53,1009,5.14,overcast clouds
18/08/2026 14:54,Hamburg,18.62,68,1007,3.09,overcast clouds
18/08/2026 15:48,London,25.4,52,1009,6.17,overcast clouds
18/08/2026 15:48,Hamburg,17.47,79,1006,2.06,light rain
18/08/2026 16:51,London,24.58,54,1009,4.63,overcast clouds
18/08/2026 16:51,Hamburg,17.45,83,1006,1.03,moderate rain
18/08/2026 17:46,London,24.13,56,1009,5.66,overcast clouds
18/08/2026 17:46,Hamburg,16.67,86,1006,2.06,overcast clouds
18/08/2026 18:59,London,23.34,58,1009,5.14,overcast clouds
18/08/2026 18:59,Hamburg,16.06,93,1006,2.06,light rain
18/08/2026 19:43,London,22.65,60,1009,5.14,overcast clouds
18/08/2026 19:43,Hamburg,15.74,95,1006,3.6,overcast clouds
18/08/2026 20:42,London,22.19,62,1009,4.63,overcast clouds
18/08/2026 20:42,Hamburg,15.81,95,1005,3.58,overcast clouds
18/08/2026 21:41,London,21.45,65,1009,3.09,overcast clouds
18/08/2026 21:41,Hamburg,15.99,95,1005,4.12,overcast clouds
18/08/2026 22:44,London,20.59,67,1009,3.13,light rain
18/08/2026 22:44,Hamburg,16.71,96,1005,5.14,overcast clouds
18/08/2026 23:40,London,20.09,70,1009,4.12,moderate rain
18/08/2026 23:40,Hamburg,16.42,96,1005,5.14,overcast clouds
19/08/2026 01:55,London,17.97,82,1008,4.12,light rain
19/08/2026 01:55,Hamburg,16.67,96,1005,4.12,overcast clouds
19/08/2026 03:13,London,17.12,86,1007,4.63,light rain
19/08/2026 03:13,Hamburg,16.7,96,1005,4.63,overcast clouds
19/08/2026 04:02,London,16.76,88,1007,3.6,overcast clouds
19/08/2026 04:02,Hamburg,16.65,94,1004,4.12,overcast clouds
19/08/2026 04:54,London,16.53,89,1006,4.12,overcast clouds
19/08/2026 04:54,Hamburg,16.68,93,1004,3.09,overcast clouds
19/08/2026 05:49,London,16.45,89,1006,5.14,overcast clouds
19/08/2026 05:49,Hamburg,16.79,94,1004,5.14,overcast clouds
19/08/2026 07:08,London,16.87,87,1006,4.63,overcast clouds
19/08/2026 07:08,Hamburg,16.84,95,1004,4.63,light rain
19/08/2026 07:56,London,17.08,86,1006,4.63,overcast clouds
19/08/2026 07:56,Hamburg,17.5,91,1004,5.14,overcast clouds
19/08/2026 08:57,London,17.88,84,1005,4.63,overcast clouds
19/08/2026 08:57,Hamburg,18.22,84,1003,5.14,overcast clouds
19/08/2026 09:51,London,18.58,80,1005,4.63,overcast clouds
19/08/2026 09:51,Hamburg,18.92,81,1003,6.17,overcast clouds
19/08/2026 10:48,London,20.16,72,1004,2.68,overcast clouds
19/08/2026 10:48,Hamburg,19.25,78,1003,6.69,light rain
19/08/2026 11:43,London,21.74,64,1004,1.34,overcast clouds
19/08/2026 11:43,Hamburg,19.92,72,1003,7.2,overcast clouds
19/08/2026 13:12,London,23.08,57,1003,4.02,broken clouds
19/08/2026 13:12,Hamburg,19.91,68,1003,6.17,overcast clouds
19/08/2026 13:59,London,23.67,53,1003,3.6,overcast clouds
19/08/2026 13:59,Hamburg,19.34,70,1003,5.14,overcast clouds
19/08/2026 14:55,London,24.22,51,1003,4.63,overcast clouds
19/08/2026 14:55,Hamburg,18.94,72,1003,5.66,light rain
19/08/2026 15:48,London,24.25,50,1003,4.12,overcast clouds
19/08/2026 15:48,Hamburg,18.57,76,1002,4.12,overcast clouds
19/08/2026 16:49,London,24.25,47,1002,4.12,broken clouds
19/08/2026 16:49,Hamburg,18.9,73,1002,4.12,overcast clouds
19/08/2026 17:43,London,24.19,43,1002,5.14,broken clouds
19/08/2026 17:43,Hamburg,17.39,77,1002,6.17,light rain
19/08/2026 18:56,London,21.9,46,1003,8.23,overcast clouds
19/08/2026 18:56,Hamburg,15.59,85,1002,5.36,overcast clouds
19/08/2026 19:43,London,20.69,49,1004,6.69,scattered clouds
19/08/2026 19:43,Hamburg,15.07,88,1002,1.54,overcast clouds
19/08/2026 20:47,London,19.59,52,1004,3.58,scattered clouds
19/08/2026 20:47,Hamburg,14.4,91,1002,1.03,overcast clouds
19/08/2026 21:43,London,18.54,58,1005,2.68,scattered clouds
19/08/2026 21:43,Hamburg,14.03,93,1003,1.03,overcast clouds
19/08/2026 22:44,London,17.8,63,1005,3.58,few clouds
19/08/2026 22:44,Hamburg,14.04,93,1003,1.54,overcast clouds
19/08/2026 23:40,London,17.21,67,1005,5.66,few clouds
19/08/2026 23:40,Hamburg,13.55,92,1003,1.34,broken clouds
20/08/2026 01:54,London,16.33,73,1005,4.02,clear sky
20/08/2026 01:54,Hamburg,13.01,98,1003,2.06,few clouds
20/08/2026 03:12,London,15.94,76,1004,2.68,clear sky
20/08/2026 03:12,Hamburg,13.09,97,1003,2.57,few clouds
20/08/2026 04:02,London,15.83,77,1004,2.68,clear sky
20/08/2026 04:02,Hamburg,12.87,98,1004,2.24,few clouds
20/08/2026 04:56,London,16.07,79,1004,1.79,clear sky
20/08/2026 04:56,Hamburg,12.7,99,1004,1.54,few clouds
20/08/2026 05:49,London,15.77,81,1004,2.68,clear sky
20/08/2026 05:49,Hamburg,13.2,98,1005,2.24,few clouds
20/08/2026 07:09,London,16.98,78,1004,5.14,few clouds
20/08/2026 07:09,Hamburg,14.87,97,1005,3.09,few clouds
20/08/2026 07:59,London,17.89,75,1004,5.66,clear sky
20/08/2026 07:59,Hamburg,16.15,88,1005,4.12,few clouds
20/08/2026 08:58,London,19.86,63,1004,6.17,clear sky
20/08/2026 08:58,Hamburg,16.89,84,1005,6.17,scattered clouds
20/08/2026 09:52,London,20.86,56,1004,5.66,few clouds
20/08/2026 09:52,Hamburg,17.95,79,1005,4.63,scattered clouds
20/08/2026 10:50,London,21.13,55,1005,6.17,scattered clouds
20/08/2026 10:50,Hamburg,19.31,69,1005,4.63,scattered clouds
20/08/2026 11:46,London,22.19,51,1005,5.14,scattered clouds
20/08/2026 11:46,Hamburg,20.73,63,1006,5.66,scattered clouds
20/08/2026 13:14,London,21.91,53,1005,7.72,overcast clouds
20/08/2026 13:14,Hamburg,21.8,53,1005,6.69,clear sky
20/08/2026 14:02,London,23.24,48,1005,5.14,overcast clouds
20/08/2026 14:02,Hamburg,22.33,51,1006,7.2,scattered clouds
20/08/2026 14:57,London,23.31,46,1005,7.2,overcast clouds
20/08/2026 14:57,Hamburg,22.23,54,1005,6.69,scattered clouds
20/08/2026 15:50,London,23.31,47,1005,6.69,overcast clouds
20/08/2026 15:50,Hamburg,17.14,75,1005,8.75,moderate rain
20/08/2026 16:54,London,21.05,56,1005,6.17,overcast clouds
20/08/2026 16:54,Hamburg,15.63,89,1005,1.54,broken clouds
20/08/2026 17:48,London,18.76,69,1006,3.6,overcast clouds
20/08/2026 17:48,Hamburg,15.09,95,1005,2.06,moderate rain
20/08/2026 19:03,London,18.18,72,1006,3.09,overcast clouds
20/08/2026 19:03,Hamburg,15.27,93,1006,4.12,broken clouds
20/08/2026 19:48,London,17.48,74,1007,2.24,overcast clouds
20/08/2026 19:48,Hamburg,14.96,93,1006,2.68,broken clouds
20/08/2026 20:49,London,16.92,74,1008,2.9,overcast clouds
20/08/2026 20:49,Hamburg,13.89,95,1006,2.06,broken clouds
20/08/2026 21:46,London,16.48,77,1008,3.6,overcast clouds
20/08/2026 21:46,Hamburg,13.71,95,1006,1.79,broken clouds
20/08/2026 22:47,London,16.12,78,1009,3.1,broken clouds
20/08/2026 22:47,Hamburg,13.37,95,1006,2.06,scattered clouds
20/08/2026 23:43,London,15.63,79,1010,3.8,broken clouds
20/08/2026 23:43,Hamburg,13.14,95,1007,2.06,scattered clouds
21/08/2026 02:00,London,15.19,79,1010,2.57,few clouds
21/08/2026 02:00,Hamburg,12.72,96,1007,2.24,clear sky
21/08/2026 03:18,London,14.55,81,1010,2.06,few clouds
21/08/2026 03:18,Hamburg,12.74,95,1006,2.06,clear sky
21/08/2026 04:04,London,14.3,82,1011,2.57,few clouds
21/08/2026 04:04,Hamburg,12.48,97,1007,2.57,clear sky
21/08/2026 04:56,London,14.01,81,1011,3.4,few clouds
21/08/2026 04:56,Hamburg,11.92,99,1007,3.09,clear sky
21/08/2026 05:50,London,13.77,83,1011,2.24,few clouds
21/08/2026 05:50,Hamburg,13.2,96,1008,3.09,few clouds
21/08/2026 07:10,London,14.74,81,1012,3.1,clear sky
21/08/2026 07:10,Hamburg,14.66,93,1008,3.6,broken clouds
21/08/2026 08:00,London,15.98,75,1012,5.4,clear sky
21/08/2026 08:00,Hamburg,15.25,88,1008,4.12,broken clouds
21/08/2026 09:00,London,17.19,70,1013,1.34,clear sky
21/08/2026 09:00,Hamburg,16.19,87,1008,4.63,broken clouds
21/08/2026 09:53,London,18.53,62,1013,2.68,clear sky
21/08/2026 09:53,Hamburg,19.03,79,1008,4.12,broken clouds
21/08/2026 10:50,London,19.49,57,1013,3.6,clear sky
21/08/2026 10:50,Hamburg,19.01,73,1008,3.6,overcast clouds
21/08/2026 11:45,London,19.88,53,1013,2.24,clear sky
21/08/2026 11:45,Hamburg,20.07,67,1008,3.09,overcast clouds
21/08/2026 13:14,London,21.02,46,1013,2.57,scattered clouds
21/08/2026 13:14,Hamburg,20.85,60,1008,4.12,overcast clouds
21/08/2026 14:00,London,21.12,43,1013,3.6,broken clouds
21/08/2026 14:00,Hamburg,20.79,60,1008,4.12,overcast clouds
21/08/2026 14:55,London,21.28,42,1013,4.12,broken clouds
21/08/2026 14:55,Hamburg,18.45,77,1008,4.63,overcast clouds
21/08/2026 15:50,London,21.36,40,1013,3.6,broken clouds
21/08/2026 15:50,Hamburg,18.24,77,1009,3.6,moderate rain
21/08/2026 16:54,London,20.86,41,1014,3.09,broken clouds
21/08/2026 16:54,Hamburg,17.16,89,1009,2.57,overcast clouds
21/08/2026 17:48,London,20.33,43,1014,4.12,overcast clouds
21/08/2026 17:48,Hamburg,17.38,83,1009,1.54,overcast clouds
21/08/2026 18:59,London,18.2,58,1015,4.63,overcast clouds
21/08/2026 18:59,Hamburg,16.45,85,1010,4.12,overcast clouds
21/08/2026 19:40,London,16.93,61,1016,4.3,overcast clouds
21/08/2026 19:40,Hamburg,15.96,83,1010,4.12,overcast clouds
21/08/2026 20:43,London,15.39,68,1017,4.12,overcast clouds
21/08/2026 20:43,Hamburg,15.13,82,1010,3.6,overcast clouds
21/08/2026 21:42,London,14.67,72,1018,2.57,overcast clouds
21/08/2026 21:42,Hamburg,14.76,80,1011,3.09,overcast clouds
21/08/2026 22:44,London,14.53,74,1018,2.06,broken clouds
21/08/2026 22:44,Hamburg,14.05,85,1011,2.57,overcast clouds
21/08/2026 23:42,London,14.75,76,1018,2.06,broken clouds
21/08/2026 23:42,Hamburg,12.31,92,1011,2.57,overcast clouds
22/08/2026 01:53,London,14.25,76,1019,3.09,few clouds
22/08/2026 01:53,Hamburg,11.8,93,1011,2.06,overcast clouds
22/08/2026 03:10,London,13.14,78,1019,3.6,few clouds
22/08/2026 03:10,Hamburg,10.64,97,1011,1.54,overcast clouds
22/08/2026 03:59,London,12.2,81,1020,1.34,few clouds
22/08/2026 03:59,Hamburg,10.57,97,1011,1.54,overcast clouds
22/08/2026 04:52,London,11.88,81,1021,3.09,few clouds
22/08/2026 04:52,Hamburg,10.83,97,1012,2.06,broken clouds
22/08/2026 05:45,London,11.71,82,1021,2.24,few clouds
22/08/2026 05:45,Hamburg,12.27,95,1012,3.6,broken clouds
22/08/2026 07:02,London,13.17,79,1022,3.13,clear sky
22/08/2026 07:02,Hamburg,13.55,91,1012,2.57,overcast clouds
22/08/2026 07:48,London,14.5,74,1022,3.09,clear sky
22/08/2026 07:48,Hamburg,14.78,87,1012,3.6,overcast clouds
22/08/2026 08:50,London,16.75,63,1022,4.12,clear sky
22/08/2026 08:50,Hamburg,14.34,89,1013,6.17,overcast clouds
22/08/2026 09:45,London,18.25,55,1023,4.12,clear sky
22/08/2026 09:45,Hamburg,15.65,86,1013,4.63,overcast clouds
22/08/2026 10:43,London,19.36,50,1023,3.09,clear sky
22/08/2026 10:43,Hamburg,16,80,1013,5.14,overcast clouds
22/08/2026 11:39,London,20.89,46,1022,2.24,clear sky
22/08/2026 11:39,Hamburg,17.53,70,1013,6.69,overcast clouds
22/08/2026 13:03,London,21.32,42,1022,3.6,clear sky
22/08/2026 13:03,Hamburg,18.02,62,1014,8.75,overcast clouds
22/08/2026 13:46,London,21.98,40,1022,0.45,clear sky
22/08/2026 13:46,Hamburg,17.95,70,1015,7.15,overcast clouds
22/08/2026 14:41,London,22.31,38,1022,3.8,few clouds
22/08/2026 14:41,Hamburg,17.63,66,1015,7.72,overcast clouds
22/08/2026 15:38,London,22.37,37,1022,2.06,few clouds
22/08/2026 15:38,Hamburg,15.96,78,1015,7.6,light rain
22/08/2026 16:43,London,22.24,36,1022,3.09,few clouds
22/08/2026 16:43,Hamburg,15.92,79,1016,8.23,broken clouds
22/08/2026 17:39,London,21.23,38,1023,3.6,few clouds
22/08/2026 17:39,Hamburg,15.55,81,1016,6.69,moderate rain
22/08/2026 18:51,London,19.99,44,1023,3.6,broken clouds
22/08/2026 18:51,Hamburg,14.2,90,1017,6.69,scattered clouds
22/08/2026 19:39,London,18.66,51,1024,4.63,broken clouds
22/08/2026 19:39,Hamburg,13.77,92,1017,6.69,broken clouds
22/08/2026 20:42,London,17.58,58,1024,4.12,broken clouds
22/08/2026 20:42,Hamburg,13.15,94,1018,5.66,broken clouds
22/08/2026 21:39,London,16.45,64,1024,3.09,broken clouds
22/08/2026 21:39,Hamburg,12.86,95,1018,5.14,broken clouds
22/08/2026 22:41,London,15.13,70,1025,2.06,overcast clouds
22/08/2026 22:41,Hamburg,12.75,95,1018,4.12,broken clouds
22/08/2026 23:38,London,14.81,73,1024,1.54,overcast clouds
22/08/2026 23:38,Hamburg,12.38,94,1018,4.12,broken clouds
23/08/2026 02:01,London,13.08,79,1025,0.45,overcast clouds
23/08/2026 02:01,Hamburg,12.06,94,1018,4.63,overcast clouds
23/08/2026 03:17,London,12.53,81,1024,0.42,overcast clouds
23/08/2026 03:17,Hamburg,12.15,94,1018,5.66,overcast clouds
23/08/2026 04:04,London,12.67,81,1025,0.68,overcast clouds
23/08/2026 04:04,Hamburg,11.94,97,1019,4.12,overcast clouds
23/08/2026 04:54,London,12.74,81,1025,0.51,overcast clouds
23/08/2026 04:54,Hamburg,11.85,98,1019,4.63,overcast clouds
23/08/2026 05:48,London,13.25,81,1025,1.03,overcast clouds
23/08/2026 05:48,Hamburg,12.51,95,1019,4.12,overcast clouds
23/08/2026 07:05,London,14.3,79,1026,1.8,overcast clouds
23/08/2026 07:05,Hamburg,13.6,93,1019,5.14,overcast clouds
23/08/2026 07:49,London,15.76,76,1026,1.54,overcast clouds
23/08/2026 07:49,Hamburg,13.76,91,1019,6.69,overcast clouds
23/08/2026 08:51,London,18.75,66,1025,2.24,overcast clouds
23/08/2026 08:51,Hamburg,14.12,88,1020,6.69,overcast clouds
23/08/2026 09:46,London,20.55,58,1025,2.2,overcast clouds
23/08/2026 09:46,Hamburg,15.4,83,1020,5.66,overcast clouds
23/08/2026 10:43,London,22.02,46,1025,2.06,broken clouds
23/08/2026 10:43,Hamburg,15.82,74,1020,6.17,overcast clouds
23/08/2026 11:39,London,22.22,43,1025,1.8,broken clouds
23/08/2026 11:39,Hamburg,15.04,79,1020,10.8,overcast clouds
23/08/2026 13:04,London,22.73,41,1024,2.06,clear sky
23/08/2026 13:04,Hamburg,17.08,65,1020,7.72,overcast clouds
23/08/2026 13:47,London,23.74,38,1024,1.79,clear sky
23/08/2026 13:47,Hamburg,17.64,60,1020,9.26,overcast clouds
23/08/2026 14:43,London,24.29,36,1024,2.06,clear sky
23/08/2026 14:43,Hamburg,17.9,63,1020,6.71,overcast clouds
23/08/2026 15:40,London,24.34,34,1023,1.54,clear sky
23/08/2026 15:40,Hamburg,17.15,67,1020,6.69,overcast clouds
23/08/2026 16:45,London,23.97,35,1023,1.54,clear sky
23/08/2026 16:45,Hamburg,17.01,64,1021,7.15,broken clouds
23/08/2026 17:38,London,23.84,35,1023,3.13,clear sky
23/08/2026 17:38,Hamburg,16.18,70,1021,7.2,broken clouds
23/08/2026 18:50,London,21.22,49,1023,3.58,scattered clouds
23/08/2026 18:50,Hamburg,14.95,77,1021,5.66,few clouds
23/08/2026 19:39,London,19.12,63,1024,7.72,scattered clouds
23/08/2026 19:39,Hamburg,14.81,79,1021,5.66,clear sky
23/08/2026 20:42,London,17.93,69,1024,6.69,few clouds
23/08/2026 20:42,Hamburg,13.82,86,1022,3.09,few clouds
23/08/2026 21:39,London,17.69,69,1024,5.14,few clouds
23/08/2026 21:39,Hamburg,13.77,87,1022,4.63,few clouds
23/08/2026 22:41,London,16.9,71,1024,5.14,few clouds
23/08/2026 22:41,Hamburg,12.85,91,1022,3.09,few clouds
23/08/2026 23:38,London,15.85,74,1024,3.6,few clouds
23/08/2026 23:38,Hamburg,12.67,90,1022,2.06,few clouds
24/08/2026 01:59,London,13.66,78,1023,1.54,overcast clouds
24/08/2026 01:59,Hamburg,11.66,95,1022,2.57,scattered clouds
24/08/2026 03:26,London,13.1,80,1022,1.54,overcast clouds
24/08/2026 03:26,Hamburg,10.8,97,1022,2.06,scattered clouds
24/08/2026 05:04,London,12.43,81,1022,2.06,overcast clouds
24/08/2026 05:04,Hamburg,11.18,95,1022,1.54,scattered clouds
24/08/2026 05:56,London,12.6,80,1022,2.57,overcast clouds
24/08/2026 05:56,Hamburg,11.98,98,1023,1.54,broken clouds
24/08/2026 07:31,London,15.24,75,1022,2.24,clear sky
24/08/2026 07:31,Hamburg,13.66,91,1023,2.06,overcast clouds
24/08/2026 09:07,London,18.41,67,1021,4.63,broken clouds
24/08/2026 09:07,Hamburg,15.93,73,1023,2.06,broken clouds
24/08/2026 10:06,London,19.83,62,1020,4.02,broken clouds
24/08/2026 10:06,Hamburg,16.5,66,1023,2.06,broken clouds
24/08/2026 10:55,London,20.78,58,1020,7.72,broken clouds
24/08/2026 10:55,Hamburg,16.98,64,1023,2.06,broken clouds
24/08/2026 11:46,London,21.13,54,1019,8.23,broken clouds
24/08/2026 11:46,Hamburg,17.9,59,1022,2.57,broken clouds
24/08/2026 13:16,London,21.87,50,1018,4.02,broken clouds
24/08/2026 13:16,Hamburg,19.64,55,1022,2.57,few clouds
24/08/2026 14:05,London,22.64,47,1018,4.92,broken clouds
24/08/2026 14:05,Hamburg,19.26,58,1022,2.24,clear sky
24/08/2026 15:03,London,22.4,47,1017,4.47,broken clouds
24/08/2026 15:03,Hamburg,19.95,54,1021,2.06,clear sky
24/08/2026 15:57,London,21.65,48,1016,9.26,broken clouds
24/08/2026 15:57,Hamburg,20.28,52,1021,1.54,clear sky
24/08/2026 16:58,London,20.72,50,1016,9.26,broken clouds
24/08/2026 16:58,Hamburg,19.91,56,1020,2.06,clear sky
24/08/2026 17:49,London,19.86,52,1016,8.23,broken clouds
24/08/2026 17:49,Hamburg,19.94,54,1020,2.06,clear sky
24/08/2026 19:03,London,18.51,60,1015,7.2,broken clouds
24/08/2026 19:03,Hamburg,17.05,67,1020,1.54,clear sky
24/08/2026 19:47,London,17.72,65,1015,6.69,overcast clouds
24/08/2026 19:47,Hamburg,14.97,78,1020,2.06,clear sky
24/08/2026 20:51,London,17.18,68,1015,3.6,broken clouds
24/08/2026 20:51,Hamburg,12.76,88,1020,1.03,clear sky
24/08/2026 21:46,London,16.68,72,1015,3.09,broken clouds
24/08/2026 21:46,Hamburg,12.09,91,1021,0.51,clear sky
24/08/2026 22:46,London,16.15,75,1015,3.09,broken clouds
24/08/2026 22:46,Hamburg,12.17,90,1020,1.54,clear sky
24/08/2026 23:40,London,15.82,78,1014,2.57,broken clouds
24/08/2026 23:40,Hamburg,11.33,94,1020,0.51,clear sky
25/08/2026 01:55,London,15.51,82,1014,2.06,broken clouds
25/08/2026 01:55,Hamburg,10.15,98,1019,1.03,clear sky
25/08/2026 03:14,London,15.09,83,1013,2.57,scattered clouds
25/08/2026 03:14,Hamburg,10.11,93,1019,0.51,clear sky
25/08/2026 04:03,London,14.96,84,1013,2.68,scattered clouds
25/08/2026 04:03,Hamburg,9.16,98,1019,1.03,clear sky
25/08/2026 04:56,London,14.98,83,1013,2.57,scattered clouds
25/08/2026 04:56,Hamburg,9.75,99,1019,0.51,clear sky
25/08/2026 05:50,London,15.2,82,1013,2.06,scattered clouds
25/08/2026 05:50,Hamburg,12.39,91,1019,3.09,clear sky
25/08/2026 07:11,London,16.88,81,1013,3.13,few clouds
25/08/2026 07:11,Hamburg,15.68,86,1019,3.6,clear sky
25/08/2026 08:01,London,18.95,75,1013,4.02,few clouds
25/08/2026 08:01,Hamburg,17.13,78,1019,3.6,clear sky
25/08/2026 09:02,London,21.12,67,1013,6.17,scattered clouds
25/08/2026 09:02,Hamburg,19.02,69,1019,4.12,clear sky
25/08/2026 09:53,London,22.85,58,1013,4.92,scattered clouds
25/08/2026 09:53,Hamburg,20.04,65,1019,5.66,clear sky
25/08/2026 10:52,London,23.95,51,1013,4.47,scattered clouds
25/08/2026 10:52,Hamburg,21.47,58,1019,5.66,clear sky
25/08/2026 11:47,London,24.75,46,1012,2.68,few clouds
25/08/2026 11:47,Hamburg,21.87,53,1019,4.63,clear sky
25/08/2026 13:14,London,25.54,43,1012,4.47,clear sky
25/08/2026 13:14,Hamburg,23,46,1018,4.63,clear sky
25/08/2026 14:07,London,25.67,41,1012,3.13,clear sky
25/08/2026 14:07,Hamburg,23.19,43,1018,4.63,clear sky
25/08/2026 15:08,London,25.4,41,1011,4.47,clear sky
25/08/2026 15:08,Hamburg,24.68,42,1017,3.6,clear sky
25/08/2026 16:02,London,25.03,42,1012,7.2,clear sky
25/08/2026 16:02,Hamburg,23.14,44,1018,5.14,clear sky
25/08/2026 16:58,London,24.48,44,1012,3.4,clear sky
25/08/2026 16:58,Hamburg,22.48,49,1018,7.72,few clouds
25/08/2026 17:47,London,23.21,49,1012,6.17,few clouds
25/08/2026 17:47,Hamburg,21.37,58,1018,6.17,few clouds
25/08/2026 19:00,London,21.37,63,1012,6.17,broken clouds
25/08/2026 19:00,Hamburg,20.19,62,1018,5.66,overcast clouds
25/08/2026 19:48,London,20.18,70,1012,5.14,broken clouds
25/08/2026 19:48,Hamburg,18.19,71,1019,4.12,overcast clouds
25/08/2026 20:49,London,19.41,76,1012,5.14,broken clouds
25/08/2026 20:49,Hamburg,17.69,73,1019,4.12,overcast clouds
25/08/2026 21:46,London,19,78,1012,4.12,broken clouds
25/08/2026 21:46,Hamburg,16.94,75,1019,4.12,overcast clouds
25/08/2026 22:47,London,18.72,79,1012,4.12,overcast clouds
25/08/2026 22:47,Hamburg,16.61,77,1019,4.12,overcast clouds
25/08/2026 23:41,London,18.67,80,1012,3.6,overcast clouds
25/08/2026 23:41,Hamburg,15.66,80,1019,3.6,overcast clouds
26/08/2026 02:00,London,18.35,83,1012,2.06,overcast clouds
26/08/2026 02:00,Hamburg,13.43,87,1020,2.68,overcast clouds
26/08/2026 03:27,London,18.12,85,1011,2.57,moderate rain
26/08/2026 03:27,Hamburg,12.27,93,1020,3.09,broken clouds
26/08/2026 04:58,London,17.89,87,1012,1.03,overcast clouds
26/08/2026 04:58,Hamburg,11.86,94,1020,3.09,broken clouds
26/08/2026 05:52,London,17.85,88,1012,0.45,overcast clouds
26/08/2026 05:52,Hamburg,14,86,1020,2.57,scattered clouds
26/08/2026 07:11,London,19.02,87,1012,3.6,overcast clouds
26/08/2026 07:11,Hamburg,17.72,69,1020,3.09,few clouds
26/08/2026 08:02,London,20.04,84,1013,4.12,scattered clouds
26/08/2026 08:02,Hamburg,18.67,66,1020,3.6,broken clouds
26/08/2026 09:05,London,22.09,77,1013,2.9,scattered clouds
26/08/2026 09:05,Hamburg,20.67,59,1020,4.63,broken clouds
26/08/2026 09:59,London,23.31,72,1013,3.13,scattered clouds
26/08/2026 09:59,Hamburg,22.25,51,1020,6.69,broken clouds
26/08/2026 10:53,London,24.37,67,1012,2.24,scattered clouds
26/08/2026 10:53,Hamburg,23.24,45,1020,8.23,broken clouds
26/08/2026 11:48,London,25.4,64,1012,2.24,scattered clouds
26/08/2026 11:48,Hamburg,23.87,39,1020,7.2,scattered clouds
26/08/2026 13:25,London,26.18,60,1011,2.24,broken clouds
26/08/2026 13:25,Hamburg,25.51,32,1019,6.69,scattered clouds
26/08/2026 15:54,London,26.17,60,1011,3.58,overcast clouds
26/08/2026 15:54,Hamburg,25.78,28,1019,6.69,scattered clouds
26/08/2026 18:04,London,24.29,66,1011,7.2,overcast clouds
26/08/2026 18:04,Hamburg,24.24,31,1019,6.17,scattered clouds
26/08/2026 20:08,London,21.29,79,1011,5.14,overcast clouds
26/08/2026 20:08,Hamburg,20.19,52,1019,4.63,broken clouds
26/08/2026 23:41,London,19.45,86,1010,4.12,overcast clouds
26/08/2026 23:41,Hamburg,17.1,75,1020,5.14,broken clouds
27/08/2026 09:57,London,19.5,91,1008,2.06,overcast clouds
27/08/2026 09:57,Hamburg,22.57,53,1017,7.2,scattered clouds
27/08/2026 20:34,London,20.29,72,1007,2.57,overcast clouds
27/08/2026 20:34,Hamburg,24.69,45,1012,5.66,overcast clouds
28/08/2026 05:27,London,15.2,91,1006,3.6,scattered clouds
28/08/2026 05:27,Hamburg,16.71,94,1007,5.14,overcast clouds
28/08/2026 18:48,London,20.16,75,1007,6.3,light rain
28/08/2026 18:48,Hamburg,18.47,84,1007,3.13,scattered clouds
29/08/2026 02:16,London,17.99,84,1007,6.9,broken clouds
29/08/2026 02:16,Hamburg,16.24,88,1008,5.14,overcast clouds
29/08/2026 09:07,London,17.79,87,1006,3.6,light rain
29/08/2026 09:07,Hamburg,18.54,76,1008,7.2,overcast clouds
29/08/2026 14:32,London,19.92,84,1001,8.1,overcast clouds
29/08/2026 14:32,Hamburg,20.82,70,1009,7.2,broken clouds
29/08/2026 18:36,London,19.54,86,1001,5.66,overcast clouds
29/08/2026 18:36,Hamburg,18.49,79,1009,1.34,overcast clouds
29/08/2026 21:47,London,18.85,86,1004,4.63,scattered clouds
29/08/2026 21:47,Hamburg,17.92,82,1008,2.68,overcast clouds
30/08/2026 00:24,London,17.74,86,1005,4.02,scattered clouds
30/08/2026 00:24,Hamburg,16.82,95,1007,4.12,overcast clouds
30/08/2026 06:45,London,16.49,87,1010,4.12,overcast clouds
30/08/2026 06:45,Hamburg,18.22,88,1005,8.23,overcast clouds
30/08/2026 12:58,London,22.45,61,1008,6.5,overcast clouds
30/08/2026 12:58,Hamburg,20.27,79,1008,7.72,overcast clouds
30/08/2026 17:39,London,20.58,65,1007,5.66,broken clouds
30/08/2026 17:39,Hamburg,18.42,92,1010,3.58,light rain
30/08/2026 21:12,London,18.19,81,1006,8.1,broken clouds
30/08/2026 21:12,Hamburg,16.79,95,1011,2.06,overcast clouds
30/08/2026 23:34,London,16.58,83,1005,4.12,scattered clouds
30/08/2026 23:34,Hamburg,16.99,94,1010,2.24,overcast clouds
31/08/2026 05:44,London,14.5,86,1007,6.17,broken clouds
31/08/2026 05:44,Hamburg,15.57,94,1008,3.09,moderate rain
31/08/2026 14:02,London,23.01,56,1013,5.14,overcast clouds
31/08/2026 14:02,Hamburg,21.27,63,1008,7.72,moderate rain
31/08/2026 20:10,London,18.83,67,1017,2.5,overcast clouds
31/08/2026 20:10,Hamburg,14.82,92,1010,5.14,scattered clouds
31/08/2026 23:54,London,16.5,71,1019,2.2,overcast clouds
31/08/2026 23:54,Hamburg,15.83,90,1012,4.63,scattered clouds
01/09/2026 05:17,London,11.99,88,1019,0.89,scattered clouds
01/09/2026 05:17,Hamburg,15.67,94,1013,4.12,scattered clouds
01/09/2026 10:11,London,19.7,56,1021,2.7,overcast clouds
01/09/2026 10:11,Hamburg,19.71,73,1015,8.23,overcast clouds
01/09/2026 14:57,London,22.94,45,1019,4.02,broken clouds
01/09/2026 14:57,Hamburg,17.98,78,1017,7.72,broken clouds
01/09/2026 18:36,London,20.69,56,1019,5.66,overcast clouds
01/09/2026 18:36,Hamburg,17.58,70,1018,5.66,few clouds
01/09/2026 21:49,London,18.1,70,1020,4.12,overcast clouds
01/09/2026 21:49,Hamburg,14.7,81,1019,2.68,few clouds
02/09/2026 00:18,London,17.4,74,1019,2.57,overcast clouds
02/09/2026 00:18,Hamburg,12.63,90,1019,2.06,scattered clouds
02/09/2026 04:43,London,16.55,80,1019,3.09,overcast clouds
02/09/2026 04:43,Hamburg,11.61,94,1019,2.57,overcast clouds
02/09/2026 09:41,London,18.67,78,1020,3.6,overcast clouds
02/09/2026 09:41,Hamburg,18.07,69,1019,5.14,overcast clouds
02/09/2026 14:32,London,20.44,65,1018,7.4,overcast clouds
02/09/2026 14:32,Hamburg,21.51,55,1017,4.12,overcast clouds
02/09/2026 18:46,London,18.79,86,1017,6.17,overcast clouds
02/09/2026 18:46,Hamburg,16.92,83,1018,2.57,overcast clouds
02/09/2026 21:52,London,19.32,86,1017,6.17,overcast clouds
02/09/2026 21:52,Hamburg,15.66,88,1018,3.09,overcast clouds
03/09/2026 00:19,London,18.92,85,1016,6.17,overcast clouds
03/09/2026 00:19,Hamburg,15.66,91,1017,2.57,overcast clouds
03/09/2026 04:40,London,18.86,86,1016,6.17,overcast clouds
03/09/2026 04:40,Hamburg,15.86,86,1015,3.09,overcast clouds
03/09/2026 09:55,London,21.61,73,1017,7.72,overcast clouds
03/09/2026 09:55,Hamburg,17.99,84,1012,6.69,overcast clouds
03/09/2026 14:37,London,26,56,1016,6.69,overcast clouds
03/09/2026 14:37,Hamburg,19.25,86,1011,7.2,overcast clouds
03/09/2026 18:43,London,23.55,70,1016,5.14,scattered clouds
03/09/2026 18:43,Hamburg,19.26,77,1013,7.2,overcast clouds
03/09/2026 21:44,London,21.31,80,1015,6.17,overcast clouds
03/09/2026 21:44,Hamburg,17.87,83,1013,5.14,overcast clouds
04/09/2026 00:08,London,20,82,1014,5.8,overcast clouds
04/09/2026 00:08,Hamburg,17.79,81,1012,5.14,overcast clouds
04/09/2026 04:41,London,20.64,83,1011,7.2,overcast clouds
04/09/2026 04:41,Hamburg,17.8,90,1009,5.66,moderate rain
04/09/2026 09:42,London,19.26,86,1012,5.66,overcast clouds
04/09/2026 09:42,Hamburg,18.88,93,1004,8.75,light rain
04/09/2026 14:24,London,20.25,60,1014,7.2,overcast clouds
04/09/2026 14:24,Hamburg,18.24,93,1004,4.63,moderate rain
04/09/2026 18:28,London,18.84,61,1016,4.02,overcast clouds
04/09/2026 18:28,Hamburg,17.04,83,1006,9.77,overcast clouds
04/09/2026 21:32,London,16.25,74,1018,5.66,scattered clouds
04/09/2026 21:32,Hamburg,15.66,84,1009,5.66,overcast clouds
05/09/2026 00:09,London,14.34,80,1019,2.24,few clouds
05/09/2026 00:09,Hamburg,15.34,83,1009,6.17,broken clouds
05/09/2026 04:37,London,12.85,87,1020,4.63,broken clouds
05/09/2026 04:37,Hamburg,14.63,86,1012,5.14,scattered clouds
05/09/2026 09:08,London,17.21,69,1023,4.12,scattered clouds
05/09/2026 09:08,Hamburg,15.03,90,1013,6.69,moderate rain
05/09/2026 12:46,London,21.75,48,1024,4.12,clear sky
05/09/2026 12:46,Hamburg,16.29,82,1016,6.69,scattered clouds
05/09/2026 16:06,London,23.52,41,1023,3.09,clear sky
05/09/2026 16:06,Hamburg,16.32,82,1017,7.2,light rain
05/09/2026 18:22,London,21.68,46,1024,2.06,scattered clouds
05/09/2026 18:22,Hamburg,14.25,87,1019,7.2,light rain
05/09/2026 20:29,London,17.56,66,1024,5.4,broken clouds
05/09/2026 20:29,Hamburg,13.42,92,1020,5.66,scattered clouds
05/09/2026 22:57,London,16.05,73,1025,0.89,broken clouds
05/09/2026 22:57,Hamburg,12.85,90,1022,5.66,light rain
06/09/2026 01:02,London,15.17,76,1025,1.83,overcast clouds
06/09/2026 01:02,Hamburg,11.75,93,1023,3.09,overcast clouds
06/09/2026 06:00,London,14.9,81,1023,2.9,light rain
06/09/2026 06:00,Hamburg,10.81,94,1024,3.09,scattered clouds
06/09/2026 11:04,London,23.83,51,1021,5.14,broken clouds
06/09/2026 11:04,Hamburg,17.85,68,1026,4.63,broken clouds
06/09/2026 14:13,London,26.99,37,1019,6.3,broken clouds
06/09/2026 14:13,Hamburg,19.27,56,1025,2.57,broken clouds
06/09/2026 17:07,London,23.51,49,1018,6.5,broken clouds
06/09/2026 17:07,Hamburg,18.39,62,1025,1.54,scattered clouds
06/09/2026 19:15,London,21.43,58,1018,3.4,broken clouds
06/09/2026 19:15,Hamburg,15.01,82,1024,1.54,overcast clouds
06/09/2026 21:25,London,20.1,63,1017,1.8,broken clouds
06/09/2026 21:25,Hamburg,15.01,78,1023,3.6,overcast clouds
06/09/2026 23:59,London,18.06,71,1016,2.5,broken clouds
06/09/2026 23:59,Hamburg,14.71,79,1022,3.6,overcast clouds
07/09/2026 04:51,London,17.24,81,1015,2.24,overcast clouds
07/09/2026 04:51,Hamburg,13.58,78,1020,3.09,overcast clouds
07/09/2026 10:26,London,22.73,67,1016,5.14,broken clouds
07/09/2026 10:26,Hamburg,20.79,60,1017,3.6,overcast clouds
07/09/2026 16:30,London,23.42,60,1015,4.7,overcast clouds
07/09/2026 16:30,Hamburg,26.06,41,1014,4.63,scattered clouds
07/09/2026 20:37,London,19.38,65,1015,6.69,overcast clouds
07/09/2026 20:37,Hamburg,19.36,74,1013,5.66,overcast clouds
07/09/2026 23:33,London,18.11,67,1014,5.14,overcast clouds
07/09/2026 23:33,Hamburg,16.71,88,1013,1.54,overcast clouds
08/09/2026 04:46,London,14.77,89,1011,4.12,light rain
08/09/2026 04:46,Hamburg,17.83,89,1010,3.09,overcast clouds
08/09/2026 09:47,London,15.07,93,1008,2.06,moderate rain
08/09/2026 09:47,Hamburg,19.59,79,1008,6.71,overcast clouds
08/09/2026 14:37,London,14.05,89,1007,4.12,moderate rain
08/09/2026 14:37,Hamburg,22.21,64,1006,6.17,overcast clouds
08/09/2026 18:45,London,15.65,72,1009,0.9,clear sky
08/09/2026 18:45,Hamburg,17.05,83,1004,3.09,overcast clouds
08/09/2026 21:54,London,13.49,78,1011,1.79,clear sky
08/09/2026 21:54,Hamburg,15.36,93,1002,2.57,light rain
09/09/2026 00:19,London,12.27,83,1012,1.79,clear sky
09/09/2026 00:19,Hamburg,15.19,94,1001,6.71,overcast clouds
09/09/2026 04:51,London,11.32,88,1014,3.6,clear sky
09/09/2026 04:51,Hamburg,13.73,95,1005,4.12,overcast clouds
09/09/2026 09:51,London,16.7,69,1016,4.63,broken clouds
09/09/2026 09:51,Hamburg,16.83,72,1007,7.2,broken clouds
09/09/2026 14:39,London,18.89,55,1018,3.09,overcast clouds
09/09/2026 14:39,Hamburg,18.5,62,1008,6.17,broken clouds
09/09/2026 18:40,London,16.94,63,1018,1.03,clear sky
09/09/2026 18:40,Hamburg,15.02,86,1009,3.6,scattered clouds
09/09/2026 21:44,London,13.92,77,1019,2.52,broken clouds
09/09/2026 21:44,Hamburg,13.62,90,1013,3.6,clear sky
10/09/2026 00:17,London,13.88,81,1018,2.64,overcast clouds
10/09/2026 00:17,Hamburg,12.73,91,1013,3.6,scattered clouds
10/09/2026 04:51,London,12.86,84,1017,1.54,overcast clouds
10/09/2026 04:51,Hamburg,11.58,88,1015,1.54,overcast clouds
10/09/2026 09:49,London,17.89,62,1018,4.63,overcast clouds
10/09/2026 09:49,Hamburg,15.31,76,1018,4.12,overcast clouds
10/09/2026 14:29,London,19.75,55,1016,6,scattered clouds
10/09/2026 14:29,Hamburg,16.79,61,1019,4.63,broken clouds
10/09/2026 18:31,London,17.98,67,1015,6.5,broken clouds
10/09/2026 18:31,Hamburg,14.23,82,1018,1.54,overcast clouds
10/09/2026 21:40,London,17.13,77,1015,5.36,overcast clouds
10/09/2026 21:40,Hamburg,10.69,91,1019,2.06,broken clouds
11/09/2026 00:13,London,15.84,92,1015,5.4,light rain
11/09/2026 00:13,Hamburg,9.16,92,1019,1.54,scattered clouds
11/09/2026 04:48,London,16.03,92,1015,3.6,broken clouds
11/09/2026 04:48,Hamburg,8.7,92,1018,1.54,scattered clouds
11/09/2026 09:48,London,18.58,80,1019,3.6,few clouds
11/09/2026 09:48,Hamburg,17.01,66,1018,3.6,overcast clouds
11/09/2026 14:28,London,21.3,60,1020,0.45,broken clouds
11/09/2026 14:28,Hamburg,20.47,44,1018,4.12,overcast clouds
11/09/2026 18:38,London,19.56,65,1022,1.03,overcast clouds
11/09/2026 18:38,Hamburg,16.49,81,1020,3.09,scattered clouds
11/09/2026 21:45,London,17.78,74,1023,1.03,broken clouds
11/09/2026 21:45,Hamburg,15.79,89,1021,2.57,overcast clouds
12/09/2026 00:21,London,15.77,78,1023,3.09,broken clouds
12/09/2026 00:21,Hamburg,14.96,92,1021,2.57,overcast clouds
12/09/2026 04:44,London,12.74,86,1022,2.57,broken clouds
12/09/2026 04:44,Hamburg,13.98,99,1022,3.09,scattered clouds
12/09/2026 09:25,London,17.36,70,1023,6.17,scattered clouds
12/09/2026 09:25,Hamburg,16.92,84,1022,4.12,overcast clouds
12/09/2026 13:37,London,22.58,60,1022,6.17,overcast clouds
12/09/2026 13:37,Hamburg,19.94,53,1021,4.47,overcast clouds
12/09/2026 17:15,London,22.23,69,1021,5.14,broken clouds
12/09/2026 17:15,Hamburg,18.52,64,1020,2.57,overcast clouds
12/09/2026 19:25,London,19.9,78,1021,5.14,overcast clouds
12/09/2026 19:25,Hamburg,17.26,74,1020,3.6,overcast clouds
12/09/2026 22:22,London,18.43,83,1022,5.66,overcast clouds
12/09/2026 22:22,Hamburg,15.67,93,1019,4.12,light rain
13/09/2026 00:03,London,18.47,84,1021,4.63,overcast clouds
13/09/2026 00:03,Hamburg,15.21,97,1018,4.12,overcast clouds
13/09/2026 04:55,London,18.06,89,1020,3.6,overcast clouds
13/09/2026 04:55,Hamburg,15.81,97,1017,3.6,overcast clouds
13/09/2026 10:21,London,21.31,82,1021,4.63,overcast clouds
13/09/2026 10:21,Hamburg,18.98,83,1016,5.66,overcast clouds
13/09/2026 14:28,London,22.4,78,1021,4.63,overcast clouds
13/09/2026 14:28,Hamburg,18.9,80,1017,5.14,overcast clouds
13/09/2026 18:14,London,20.55,89,1021,3.09,light rain
13/09/2026 18:14,Hamburg,17.17,90,1018,4.12,overcast clouds
13/09/2026 20:54,London,19.98,91,1022,2.06,overcast clouds
13/09/2026 20:54,Hamburg,13.67,89,1020,1.54,overcast clouds
13/09/2026 23:12,London,19.59,91,1022,3.6,overcast clouds
13/09/2026 23:12,Hamburg,12.13,92,1021,2.06,broken clouds
14/09/2026 01:11,London,18.94,90,1022,2.57,overcast clouds
14/09/2026 01:11,Hamburg,9.68,96,1022,2.06,clear sky
14/09/2026 06:24,London,17.97,92,1022,2.24,overcast clouds
14/09/2026 06:24,Hamburg,11.82,93,1023,1.03,scattered clouds
14/09/2026 14:11,London,24.71,72,1021,5.14,overcast clouds
14/09/2026 14:11,Hamburg,18.9,59,1023,2.06,overcast clouds
14/09/2026 19:26,London,20.28,84,1020,4.3,overcast clouds
14/09/2026 19:26,Hamburg,14.05,84,1022,1.54,overcast clouds
14/09/2026 23:11,London,18.79,89,1019,3.09,few clouds
14/09/2026 23:11,Hamburg,13.52,86,1021,1.54,broken clouds
15/09/2026 01:32,London,18.06,91,1018,3.6,broken clouds
15/09/2026 01:32,Hamburg,14.09,88,1020,2.06,overcast clouds
15/09/2026 07:50,London,17.24,84,1016,5.14,overcast clouds
15/09/2026 07:50,Hamburg,15.94,96,1018,2.68,overcast clouds
15/09/2026 13:38,London,22.02,59,1014,5.14,scattered clouds
15/09/2026 13:38,Hamburg,24.99,62,1014,4.63,overcast clouds
15/09/2026 18:15,London,20.08,52,1015,4.63,few clouds
15/09/2026 18:15,Hamburg,22.57,70,1012,2.57,overcast clouds
15/09/2026 21:26,London,16.34,65,1017,0.89,clear sky
15/09/2026 21:26,Hamburg,19.99,80,1011,4.63,overcast clouds
16/09/2026 00:26,London,14.76,79,1017,0.89,clear sky
16/09/2026 00:26,Hamburg,16.86,96,1010,2.57,very heavy rain
16/09/2026 06:07,London,12.38,87,1019,0.89,clear sky
16/09/2026 06:07,Hamburg,14.56,98,1011,3.09,clear sky
16/09/2026 11:45,London,18.31,62,1019,5.66,broken clouds
16/09/2026 11:45,Hamburg,18.68,70,1011,6.17,broken clouds
16/09/2026 17:05,London,19.66,54,1017,4.12,overcast clouds
16/09/2026 17:05,Hamburg,16.71,70,1012,4.63,few clouds
16/09/2026 20:12,London,16.15,64,1017,1.79,overcast clouds
16/09/2026 20:12,Hamburg,13.69,90,1013,4.63,light rain
16/09/2026 23:00,London,15.35,72,1016,4.12,overcast clouds
16/09/2026 23:00,Hamburg,12.53,95,1013,3.09,few clouds
17/09/2026 01:29,London,14.26,74,1015,4.12,overcast clouds
17/09/2026 01:29,Hamburg,11.71,95,1013,3.09,few clouds
17/09/2026 07:46,London,14.15,90,1011,4.63,light rain
17/09/2026 07:46,Hamburg,13.57,89,1012,4.63,overcast clouds
17/09/2026 13:33,London,20.55,51,1009,6.17,scattered clouds
17/09/2026 13:33,Hamburg,17.84,70,1010,7.72,overcast clouds
17/09/2026 18:19,London,17.58,53,1010,2.24,clear sky
17/09/2026 18:19,Hamburg,16.89,73,1008,6.69,overcast clouds
17/09/2026 21:28,London,15.33,69,1011,1.79,clear sky
17/09/2026 21:28,Hamburg,13.89,95,1007,6.17,moderate rain
18/09/2026 00:25,London,13.16,79,1012,1.6,clear sky
18/09/2026 00:25,Hamburg,13.94,95,1007,4.63,overcast clouds
18/09/2026 05:59,London,11.15,88,1014,3.6,broken clouds
18/09/2026 05:59,Hamburg,12.12,94,1008,4.63,scattered clouds
18/09/2026 11:24,London,18.74,58,1014,4.92,broken clouds
18/09/2026 11:24,Hamburg,17.86,65,1010,7.72,light rain
18/09/2026 16:30,London,17.98,67,1013,7.2,light rain
18/09/2026 16:30,Hamburg,16.29,71,1012,6.69,broken clouds
18/09/2026 19:41,London,16.49,77,1014,5.14,broken clouds
18/09/2026 19:41,Hamburg,14.25,79,1014,3.09,overcast clouds
18/09/2026 22:38,London,16.81,78,1013,5.66,overcast clouds
18/09/2026 22:38,Hamburg,14.79,75,1013,4.63,overcast clouds
19/09/2026 01:15,London,17.27,82,1013,5.66,overcast clouds
19/09/2026 01:15,Hamburg,14.53,76,1013,4.63,broken clouds
19/09/2026 05:58,London,17.3,87,1014,5.1,overcast clouds
19/09/2026 05:58,Hamburg,14.24,84,1013,5.14,overcast clouds
19/09/2026 11:08,London,21.43,68,1015,7.6,overcast clouds
19/09/2026 11:08,Hamburg,17.25,82,1014,7.2,overcast clouds
19/09/2026 14:29,London,21.87,71,1016,6.5,overcast clouds
19/09/2026 14:29,Hamburg,18.92,77,1014,6.69,overcast clouds
19/09/2026 18:05,London,20.09,81,1017,5.14,broken clouds
19/09/2026 18:05,Hamburg,18.84,75,1014,7.2,light rain
19/09/2026 20:47,London,18.98,85,1019,5.66,overcast clouds
19/09/2026 20:47,Hamburg,16.75,93,1015,8.75,overcast clouds
19/09/2026 23:12,London,18.11,87,1019,6.69,light rain
19/09/2026 23:12,Hamburg,17.8,85,1014,6.17,overcast clouds
20/09/2026 01:15,London,16.57,89,1020,4.12,overcast clouds
20/09/2026 01:15,Hamburg,16.25,89,1015,10.29,light rain
20/09/2026 06:22,London,15.83,88,1022,0.89,broken clouds
20/09/2026 06:22,Hamburg,14.56,92,1015,3.6,broken clouds
20/09/2026 11:37,London,19.18,54,1026,5.66,broken clouds
20/09/2026 11:37,Hamburg,16.5,74,1016,10.29,light rain
20/09/2026 16:13,London,20.51,43,1028,4.12,scattered clouds
20/09/2026 16:13,Hamburg,14.48,81,1018,6.69,scattered clouds
20/09/2026 18:51,London,16.33,54,1030,0.45,scattered clouds
20/09/2026 18:51,Hamburg,13.82,78,1021,6.17,broken clouds
20/09/2026 21:37,London,14.02,67,1031,1.49,clear sky
20/09/2026 21:37,Hamburg,12.71,89,1022,6.17,scattered clouds
21/09/2026 00:18,London,12.55,73,1031,0.4,scattered clouds
21/09/2026 00:18,Hamburg,12.42,87,1022,5.14,broken clouds
21/09/2026 05:05,London,10.74,81,1031,0.2,scattered clouds
21/09/2026 05:05,Hamburg,11.98,88,1023,5.14,broken clouds
21/09/2026 10:48,London,18.95,53,1032,2.57,scattered clouds
21/09/2026 10:48,Hamburg,15.95,74,1025,8.23,overcast clouds
21/09/2026 17:06,London,22.81,44,1030,3.6,clear sky
21/09/2026 17:06,Hamburg,14.51,70,1026,6.26,broken clouds
21/09/2026 21:07,London,17.44,67,1030,1.1,clear sky
21/09/2026 21:07,Hamburg,11.92,86,1027,2.57,clear sky
22/09/2026 00:10,London,15.72,75,1030,0.9,clear sky
22/09/2026 00:10,Hamburg,11.05,87,1028,1.03,scattered clouds
22/09/2026 05:06,London,14.35,83,1029,1.03,clear sky
22/09/2026 05:06,Hamburg,7.73,97,1027,2.06,clear sky
22/09/2026 10:04,London,21.65,67,1030,0.89,broken clouds
22/09/2026 10:04,Hamburg,14.99,73,1029,2.06,clear sky
22/09/2026 15:00,London,25.34,54,1028,1.34,overcast clouds
22/09/2026 15:00,Hamburg,17.86,52,1029,4.12,clear sky
22/09/2026 18:58,London,22.7,64,1026,5.4,overcast clouds
22/09/2026 18:58,Hamburg,12.02,88,1028,1.54,clear sky
22/09/2026 22:16,London,19.37,69,1026,2.5,scattered clouds
22/09/2026 22:16,Hamburg,9.1,94,1028,0.51,clear sky
23/09/2026 00:39,London,18.52,72,1026,2.5,overcast clouds
23/09/2026 00:39,Hamburg,7.44,97,1028,1.03,clear sky
